job_id,job_title,rating,size,owner_type,industry,sector,revenue,avg_salary,python,r_language,spark,aws,excel,tool_count,city,state,name,latitude,longitude
177,Data Scientist,3.6,1001 to 5000 employees,Company - Private,Industrial Manufacturing,Manufacturing,$100 to $500 million (USD),107.5,0,0,0,0,1,1,Santa Fe Springs,AK,Alaska,63.588753,-154.493062
71,Systems Engineer II - Data Analyst,3.7,10000+ employees,Company - Public,Aerospace & Defense,Aerospace & Defense,$10+ billion (USD),62.5,0,0,0,0,1,1,Huntsville,AL,Alabama,32.318231,-86.902298
143,Data Science Analyst,4.6,1001 to 5000 employees,Company - Private,Aerospace & Defense,Aerospace & Defense,$100 to $500 million (USD),68.0,1,0,0,0,1,2,Huntsville,AL,Alabama,32.318231,-86.902298
224,Radar Data Analyst,4.7,51 to 200 employees,Company - Private,Aerospace & Defense,Aerospace & Defense,$25 to $50 million (USD),59.0,1,0,0,0,1,2,Huntsville,AL,Alabama,32.318231,-86.902298
241,Data Management Specialist,4.5,51 to 200 employees,Company - Private,IT Services,Information Technology,$25 to $50 million (USD),48.0,0,0,0,0,1,1,Huntsville,AL,Alabama,32.318231,-86.902298
237,Senior Data Analyst,4.3,201 to 500 employees,Company - Private,Enterprise Software & Network Solutions,Information Technology,$25 to $50 million (USD),55.0,0,0,0,0,1,1,Phoenix,AZ,Arizona,34.048928,-111.093731
289,Data Scientist,4.3,201 to 500 employees,Company - Private,IT Services,Information Technology,$50 to $100 million (USD),69.5,1,0,0,0,1,2,Phoenix,AZ,Arizona,34.048928,-111.093731
322,"VP, Data Science",3.2,1001 to 5000 employees,Company - Public,Lending,Finance,$500 million to $1 billion (USD),124.5,1,0,0,0,1,2,Phoenix,AZ,Arizona,34.048928,-111.093731
416,Sr Data Engineer (Sr BI Developer),3.4,501 to 1000 employees,Company - Public,Health Care Services & Hospitals,Health Care,Unknown / Non-Applicable,100.0,0,0,0,0,0,0,Chandler,AZ,Arizona,34.048928,-111.093731
6,Senior Data Scientist,3.5,5001 to 10000 employees,Company - Public,Biotech & Pharmaceuticals,Biotech & Pharmaceuticals,$1 to $2 billion (USD),147.5,1,0,0,0,1,2,Fremont,CA,California,36.778261,-119.417932
15,Software Engineer (Data Scientist/Software Engineer) - SISW - MG,4.1,5001 to 10000 employees,Company - Public,Computer Hardware & Software,Information Technology,$1 to $2 billion (USD),107.0,1,0,0,0,1,2,Fremont,CA,California,36.778261,-119.417932
18,Associate Scientist,2.9,1001 to 5000 employees,Company - Private,Consumer Products Manufacturing,Manufacturing,$1 to $2 billion (USD),81.5,0,0,0,0,1,1,Valencia,CA,California,36.778261,-119.417932
33,Data Scientist,3.5,501 to 1000 employees,Company - Private,Other Retail Stores,Retail,$1 to $2 billion (USD),163.5,1,0,0,0,0,1,San Jose,CA,California,36.778261,-119.417932
42,Data Scientist,3.9,51 to 200 employees,Company - Private,Health Care Services & Hospitals,Health Care,$1 to $5 million (USD),124.0,1,0,0,0,0,1,San Francisco,CA,California,36.778261,-119.417932
43,Lead Data Engineer (Python),4.7,51 to 200 employees,Company - Private,Staffing & Outsourcing,Business Services,$1 to $5 million (USD),94.5,1,0,0,1,0,2,San Francisco,CA,California,36.778261,-119.417932
46,Associate Environmental Scientist - Wildlife Biologist,4.7,51 to 200 employees,Company - Private,Architectural & Engineering Services,Business Services,$10 to $25 million (USD),51.0,0,0,0,0,1,1,Clovis,CA,California,36.778261,-119.417932
50,Senior Data Engineer,3.9,51 to 200 employees,Company - Public,Computer Hardware & Software,Information Technology,$10 to $25 million (USD),139.0,1,0,0,1,1,3,San Francisco,CA,California,36.778261,-119.417932
52,CONSULTANT– DATA ANALYTICS GROUP,4.2,51 to 200 employees,Company - Private,Consulting,Business Services,$10 to $25 million (USD),52.5,1,0,0,0,0,1,San Diego,CA,California,36.778261,-119.417932
63,Senior Data Engineer,3.9,201 to 500 employees,Company - Private,Internet,Information Technology,$10 to $25 million (USD),136.5,0,0,0,0,0,0,San Francisco,CA,California,36.778261,-119.417932
66,Data Scientist,3.7,10000+ employees,Company - Public,Aerospace & Defense,Aerospace & Defense,$10+ billion (USD),109.5,0,0,0,0,1,1,San Diego,CA,California,36.778261,-119.417932
67,Principal Data Scientist,3.7,10000+ employees,Company - Public,Aerospace & Defense,Aerospace & Defense,$10+ billion (USD),173.0,1,0,0,0,0,1,San Jose,CA,California,36.778261,-119.417932
76,"Associate Scientist/Scientist, Process Analytical Technology - Small Molecule Analytical Chemistry",3.9,10000+ employees,Subsidiary or Business Segment,Biotech & Pharmaceuticals,Biotech & Pharmaceuticals,$10+ billion (USD),125.0,0,0,0,0,1,1,South San Francisco,CA,California,36.778261,-119.417932
84,Sr. Scientist - Digital & Image Analysis/Computational Pathology,3.7,10000+ employees,Company - Public,Biotech & Pharmaceuticals,Biotech & Pharmaceuticals,$10+ billion (USD),151.5,0,0,0,0,1,1,San Diego,CA,California,36.778261,-119.417932
97,Data Scientist,3.9,10000+ employees,Subsidiary or Business Segment,Biotech & Pharmaceuticals,Biotech & Pharmaceuticals,$10+ billion (USD),163.0,0,0,0,0,1,1,South San Francisco,CA,California,36.778261,-119.417932
100,Staff Data Scientist,3.5,10000+ employees,Company - Public,Computer Hardware & Software,Information Technology,$10+ billion (USD),171.5,1,0,0,1,0,2,San Jose,CA,California,36.778261,-119.417932
134,Data Analyst,3.1,1001 to 5000 employees,Company - Public,Video Games,Media,$10+ billion (USD),92.5,1,1,0,0,1,3,San Mateo,CA,California,36.778261,-119.417932
147,Sr. Scientist II,3.5,201 to 500 employees,Company - Public,Biotech & Pharmaceuticals,Biotech & Pharmaceuticals,$100 to $500 million (USD),174.0,0,0,0,0,1,1,San Francisco,CA,California,36.778261,-119.417932
152,Senior Data Analyst/Scientist,4.5,201 to 500 employees,Company - Private,Computer Hardware & Software,Information Technology,$100 to $500 million (USD),121.5,0,0,0,0,0,0,San Francisco,CA,California,36.778261,-119.417932
153,Data Scientist - Sales,4.7,501 to 1000 employees,Company - Private,Computer Hardware & Software,Information Technology,$100 to $500 million (USD),168.0,1,0,0,0,1,2,Mountain View,CA,California,36.778261,-119.417932
158,Digital Marketing & ECommerce Data Analyst,3.6,51 to 200 employees,Subsidiary or Business Segment,"Department, Clothing, & Shoe Stores",Retail,$100 to $500 million (USD),51.5,0,0,0,0,1,1,San Rafael,CA,California,36.778261,-119.417932
168,Marketing Data Analyst,3.6,1001 to 5000 employees,Company - Private,Gambling,"Arts, Entertainment & Recreation",$100 to $500 million (USD),48.5,0,0,0,0,1,1,Highland,CA,California,36.778261,-119.417932
182,Data Engineer,3.9,201 to 500 employees,Company - Private,Internet,Information Technology,$100 to $500 million (USD),87.5,1,0,0,1,1,3,San Francisco,CA,California,36.778261,-119.417932
200,Products Data Analyst II,3.3,1001 to 5000 employees,Company - Public,Consulting,Business Services,$2 to $5 billion (USD),123.5,0,0,0,0,1,1,Dublin,CA,California,36.778261,-119.417932
226,"Scientist, Bacteriology",2.1,201 to 500 employees,Company - Public,Biotech & Pharmaceuticals,Biotech & Pharmaceuticals,$25 to $50 million (USD),111.5,0,0,0,0,1,1,Concord,CA,California,36.778261,-119.417932
231,Revenue Analytics Manager,4.8,51 to 200 employees,Company - Private,Computer Hardware & Software,Information Technology,$25 to $50 million (USD),61.5,0,0,0,0,1,1,San Francisco,CA,California,36.778261,-119.417932
236,Data Scientist (Warehouse Automation),3.8,201 to 500 employees,Subsidiary or Business Segment,Consumer Products Manufacturing,Manufacturing,$25 to $50 million (USD),103.0,1,0,0,1,0,2,San Francisco,CA,California,36.778261,-119.417932
245,Data Science Engineer - Mobile,4.0,10000+ employees,Company - Public,Computer Hardware & Software,Information Technology,$5 to $10 billion (USD),162.0,1,0,0,0,1,2,San Jose,CA,California,36.778261,-119.417932
257,Data Scientist,3.5,51 to 200 employees,Company - Private,"Health, Beauty, & Fitness",Consumer Services,$5 to $10 million (USD),139.5,1,0,0,0,0,1,Foster City,CA,California,36.778261,-119.417932
272,Scientist - Biomarker and Flow Cytometry,2.4,501 to 1000 employees,Company - Private,Biotech & Pharmaceuticals,Biotech & Pharmaceuticals,$50 to $100 million (USD),70.5,0,0,0,0,0,0,San Diego,CA,California,36.778261,-119.417932
283,Senior Data Scientist,3.9,51 to 200 employees,Company - Private,Financial Analytics & Research,Finance,$50 to $100 million (USD),148.0,1,0,0,0,0,1,Burbank,CA,California,36.778261,-119.417932
284,Lead Data Scientist,3.9,51 to 200 employees,Company - Private,Financial Analytics & Research,Finance,$50 to $100 million (USD),180.0,1,0,0,0,1,2,Burbank,CA,California,36.778261,-119.417932
285,Senior Risk Data Scientist,3.8,501 to 1000 employees,Company - Public,Financial Transaction Processing,Finance,$50 to $100 million (USD),139.5,0,0,0,0,0,0,Palo Alto,CA,California,36.778261,-119.417932
287,Data Analyst,4.2,201 to 500 employees,Company - Private,IT Services,Information Technology,$50 to $100 million (USD),88.0,1,0,0,1,1,3,San Francisco,CA,California,36.778261,-119.417932
295,Data Analyst,2.8,501 to 1000 employees,Nonprofit Organization,Social Assistance,Non-Profit,$50 to $100 million (USD),47.5,0,0,0,0,1,1,Parlier,CA,California,36.778261,-119.417932
299,"Scientist 2, QC Viral Vector",3.8,1001 to 5000 employees,Company - Public,Biotech & Pharmaceuticals,Biotech & Pharmaceuticals,$500 million to $1 billion (USD),168.0,0,0,0,0,1,1,Novato,CA,California,36.778261,-119.417932
314,Analytics Manager - Data Mart,3.5,501 to 1000 employees,Nonprofit Organization,Health Care Services & Hospitals,Health Care,$500 million to $1 billion (USD),64.0,0,0,0,0,0,0,Scotts Valley,CA,California,36.778261,-119.417932
316,Data Scientist,4.4,10000+ employees,Company - Private,IT Services,Information Technology,$500 million to $1 billion (USD),113.5,1,0,0,0,1,2,San Jose,CA,California,36.778261,-119.417932
319,Data Engineer,2.8,501 to 1000 employees,Company - Private,Insurance Carriers,Insurance,$500 million to $1 billion (USD),83.0,0,0,0,0,0,0,San Diego,CA,California,36.778261,-119.417932
323,Data Engineer,3.2,1001 to 5000 employees,Company - Public,Lending,Finance,$500 million to $1 billion (USD),101.0,1,0,0,1,1,3,Agoura Hills,CA,California,36.778261,-119.417932
332,Data Scientist,3.9,1 to 50 employees,Company - Private,IT Services,Information Technology,Less than $1 million (USD),113.5,1,0,0,0,0,1,San Francisco,CA,California,36.778261,-119.417932
333,Data Scientist,4.0,1 to 50 employees,Company - Private,IT Services,Information Technology,Less than $1 million (USD),109.0,1,0,0,0,0,1,San Francisco,CA,California,36.778261,-119.417932
342,Data Scientist,3.3,201 to 500 employees,Company - Private,Advertising & Marketing,Business Services,Unknown / Non-Applicable,164.5,0,0,0,0,0,0,San Francisco,CA,California,36.778261,-119.417932
347,Data Analyst Chemist - Quality System Contractor,2.2,501 to 1000 employees,Company - Private,Beauty & Personal Accessories Stores,Retail,Unknown / Non-Applicable,85.5,0,0,0,0,1,1,San Francisco,CA,California,36.778261,-119.417932
348,"Associate Scientist / Sr. Associate Scientist, Antibody Discovery",4.0,501 to 1000 employees,Company - Private,Biotech & Pharmaceuticals,Biotech & Pharmaceuticals,Unknown / Non-Applicable,92.0,0,0,0,1,1,2,South San Francisco,CA,California,36.778261,-119.417932
349,"Scientist, Molecular/Cellular Biologist",2.9,201 to 500 employees,Subsidiary or Business Segment,Biotech & Pharmaceuticals,Biotech & Pharmaceuticals,Unknown / Non-Applicable,73.0,0,0,0,0,0,0,South San Francisco,CA,California,36.778261,-119.417932
355,Associate Research Scientist I (Protein Expression and Production),3.0,501 to 1000 employees,Company - Public,Biotech & Pharmaceuticals,Biotech & Pharmaceuticals,Unknown / Non-Applicable,87.5,0,0,0,0,1,1,Alameda,CA,California,36.778261,-119.417932
356,Data Scientist,2.5,1 to 50 employees,Company - Private,Biotech & Pharmaceuticals,Biotech & Pharmaceuticals,Unknown / Non-Applicable,143.5,1,0,0,0,1,2,Brisbane,CA,California,36.778261,-119.417932
358,Senior Formulations Scientist II,3.0,501 to 1000 employees,Company - Public,Biotech & Pharmaceuticals,Biotech & Pharmaceuticals,Unknown / Non-Applicable,100.0,0,0,0,0,1,1,Alameda,CA,California,36.778261,-119.417932
363,Data Scientist,2.6,10000+ employees,Company - Private,Colleges & Universities,Education,Unknown / Non-Applicable,121.0,1,0,0,0,0,1,Irvine,CA,California,36.778261,-119.417932
370,Principal Machine Learning Scientist,4.7,501 to 1000 employees,Subsidiary or Business Segment,Computer Hardware & Software,Information Technology,Unknown / Non-Applicable,232.5,1,0,0,0,0,1,San Francisco,CA,California,36.778261,-119.417932
374,Senior Data Analyst,3.9,51 to 200 employees,Company - Public,Computer Hardware & Software,Information Technology,Unknown / Non-Applicable,138.5,1,0,0,0,0,1,San Francisco,CA,California,36.778261,-119.417932
390,Data Scientist - Health Data Analytics,4.2,51 to 200 employees,Company - Private,Enterprise Software & Network Solutions,Information Technology,Unknown / Non-Applicable,142.5,0,0,0,0,0,0,San Francisco,CA,California,36.778261,-119.417932
392,Principal Data Scientist,3.2,501 to 1000 employees,Subsidiary or Business Segment,Enterprise Software & Network Solutions,Information Technology,Unknown / Non-Applicable,194.0,0,0,0,1,1,2,San Francisco,CA,California,36.778261,-119.417932
398,Data Scientist - Algorithms & Inference,4.2,51 to 200 employees,Company - Private,Enterprise Software & Network Solutions,Information Technology,Unknown / Non-Applicable,142.5,0,0,0,0,0,0,San Francisco,CA,California,36.778261,-119.417932
404,Data Analyst,3.4,51 to 200 employees,Company - Private,Enterprise Software & Network Solutions,Information Technology,Unknown / Non-Applicable,69.0,1,0,0,0,1,2,San Francisco,CA,California,36.778261,-119.417932
408,Data Scientist,3.5,51 to 200 employees,Company - Private,Enterprise Software & Network Solutions,Information Technology,Unknown / Non-Applicable,120.5,1,0,0,0,0,1,San Francisco,CA,California,36.778261,-119.417932
420,Data Science Manager,4.2,501 to 1000 employees,Company - Private,Health Care Services & Hospitals,Health Care,Unknown / Non-Applicable,221.5,1,0,0,0,1,2,San Francisco,CA,California,36.778261,-119.417932
422,Web Data Analyst,4.2,201 to 500 employees,Company - Private,IT Services,Information Technology,Unknown / Non-Applicable,106.0,1,0,0,0,1,2,San Jose,CA,California,36.778261,-119.417932
427,Data Scientist,3.5,10000+ employees,Company - Public,IT Services,Information Technology,Unknown / Non-Applicable,90.0,1,0,0,0,1,2,San Ramon,CA,California,36.778261,-119.417932
440,Senior Data Scientist,4.4,1 to 50 employees,Company - Private,Internet,Information Technology,Unknown / Non-Applicable,116.5,1,0,0,0,0,1,Palo Alto,CA,California,36.778261,-119.417932
445,Senior Data Scientist,4.1,1 to 50 employees,Company - Private,K-12 Education,Education,Unknown / Non-Applicable,169.0,0,0,0,1,1,2,Palo Alto,CA,California,36.778261,-119.417932
446,Machine Learning Engineer (NLP),4.1,1 to 50 employees,Company - Private,K-12 Education,Education,Unknown / Non-Applicable,111.0,1,0,0,1,1,3,Palo Alto,CA,California,36.778261,-119.417932
451,Data Analyst - Asset Management,4.3,51 to 200 employees,Company - Private,Real Estate,Real Estate,Unknown / Non-Applicable,103.5,0,0,0,0,1,1,San Francisco,CA,California,36.778261,-119.417932
9,Senior Data Scientist,3.5,5001 to 10000 employees,Company - Public,Biotech & Pharmaceuticals,Biotech & Pharmaceuticals,$1 to $2 billion (USD),133.5,1,0,0,0,1,2,Arvada,CO,Colorado,39.550051,-105.782067
170,Clinical Laboratory Scientist,3.7,501 to 1000 employees,Hospital,Health Care Services & Hospitals,Health Care,$100 to $500 million (USD),31.5,0,0,0,0,0,0,Vail,CO,Colorado,39.550051,-105.782067
204,Associate Data Analyst,3.1,5001 to 10000 employees,Company - Private,Enterprise Software & Network Solutions,Information Technology,$2 to $5 billion (USD),29.5,0,0,0,0,1,1,Longmont,CO,Colorado,39.550051,-105.782067
320,Data Engineer,4.0,501 to 1000 employees,Nonprofit Organization,Insurance Carriers,Insurance,$500 million to $1 billion (USD),99.0,1,0,0,1,0,2,Denver,CO,Colorado,39.550051,-105.782067
321,Data Scientist,4.0,501 to 1000 employees,Nonprofit Organization,Insurance Carriers,Insurance,$500 million to $1 billion (USD),87.5,1,0,0,0,1,2,Denver,CO,Colorado,39.550051,-105.782067
463,Sr. Data Scientist,3.7,201 to 500 employees,Company - Private,Travel Agencies,Travel & Tourism,Unknown / Non-Applicable,105.0,1,0,0,0,0,1,Denver,CO,Colorado,39.550051,-105.782067
87,Clinical Data Scientist,4.0,10000+ employees,Company - Public,Biotech & Pharmaceuticals,Biotech & Pharmaceuticals,$10+ billion (USD),84.0,0,0,0,1,1,2,Groton,CT,Connecticut,41.603221,-73.087749
116,Consultant - Analytics Consulting,3.0,10000+ employees,Company - Public,IT Services,Information Technology,$10+ billion (USD),62.5,0,0,0,0,1,1,Hartford,CT,Connecticut,41.603221,-73.087749
54,Data Scientist,3.4,51 to 200 employees,Company - Private,Consulting,Business Services,$10 to $25 million (USD),96.5,1,0,0,0,0,1,Washington,DC,District of Columbia,38.905985,-77.033418
55,Data Scientist,3.4,51 to 200 employees,Company - Private,Consulting,Business Services,$10 to $25 million (USD),96.5,1,0,0,0,0,1,Washington,DC,District of Columbia,38.942142,-77.025955
111,Program/Data Analyst,3.4,10000+ employees,Subsidiary or Business Segment,IT Services,Information Technology,$10+ billion (USD),77.0,0,0,0,0,1,1,Washington,DC,District of Columbia,38.905985,-77.033418
112,Program/Data Analyst,3.4,10000+ employees,Subsidiary or Business Segment,IT Services,Information Technology,$10+ billion (USD),77.0,0,0,0,0,1,1,Washington,DC,District of Columbia,38.942142,-77.025955
149,Data Scientist,2.3,201 to 500 employees,Company - Public,Biotech & Pharmaceuticals,Biotech & Pharmaceuticals,$100 to $500 million (USD),101.0,1,0,0,0,1,2,Washington,DC,District of Columbia,38.905985,-77.033418
150,Data Scientist,2.3,201 to 500 employees,Company - Public,Biotech & Pharmaceuticals,Biotech & Pharmaceuticals,$100 to $500 million (USD),101.0,1,0,0,0,1,2,Washington,DC,District of Columbia,38.942142,-77.025955
208,Data Engineer,3.9,10000+ employees,Company - Private,IT Services,Information Technology,$2 to $5 billion (USD),87.0,0,0,0,0,0,0,Washington,DC,District of Columbia,38.905985,-77.033418
209,Data Engineer,3.9,10000+ employees,Company - Private,IT Services,Information Technology,$2 to $5 billion (USD),87.0,0,0,0,0,0,0,Washington,DC,District of Columbia,38.942142,-77.025955
381,Senior Data Scientist,4.2,1001 to 5000 employees,Company - Private,Consulting,Business Services,Unknown / Non-Applicable,237.5,1,0,0,0,1,2,Washington,DC,District of Columbia,38.905985,-77.033418
382,Senior Data Scientist,4.2,1001 to 5000 employees,Company - Private,Consulting,Business Services,Unknown / Non-Applicable,237.5,1,0,0,0,1,2,Washington,DC,District of Columbia,38.942142,-77.025955
413,Junior Data Analyst,3.3,501 to 1000 employees,Nonprofit Organization,Health Care Services & Hospitals,Health Care,Unknown / Non-Applicable,50.0,0,0,0,0,1,1,Washington,DC,District of Columbia,38.905985,-77.033418
414,Junior Data Analyst,3.3,501 to 1000 employees,Nonprofit Organization,Health Care Services & Hospitals,Health Care,Unknown / Non-Applicable,50.0,0,0,0,0,1,1,Washington,DC,District of Columbia,38.942142,-77.025955
169,MED TECH/LAB SCIENTIST- SOUTH COASTAL LAB,3.6,1001 to 5000 employees,Nonprofit Organization,Health Care Services & Hospitals,Health Care,$100 to $500 million (USD),27.5,0,0,0,0,0,0,Millville,DE,Delaware,38.910832,-75.52767
171,MED TECH/LAB SCIENTIST - LABORATORY,3.6,1001 to 5000 employees,Nonprofit Organization,Health Care Services & Hospitals,Health Care,$100 to $500 million (USD),27.5,0,0,0,0,0,0,Lewes,DE,Delaware,38.910832,-75.52767
160,Clinical Data Analyst,3.0,1001 to 5000 employees,Subsidiary or Business Segment,Enterprise Software & Network Solutions,Information Technology,$100 to $500 million (USD),37.5,0,0,0,0,1,1,Tampa,FL,Florida,27.664827,-81.515754
193,Senior Data Analyst,4.8,501 to 1000 employees,Company - Private,Security Services,Business Services,$100 to $500 million (USD),61.0,1,0,0,0,1,2,Clearwater,FL,Florida,27.664827,-81.515754
296,Market Data Analyst,3.4,201 to 500 employees,Company - Public,Telecommunications Manufacturing,Telecommunications,$50 to $100 million (USD),44.0,0,0,0,0,0,0,West Palm Beach,FL,Florida,27.664827,-81.515754
343,Data Scientist,3.8,501 to 1000 employees,Subsidiary or Business Segment,Advertising & Marketing,Business Services,Unknown / Non-Applicable,91.0,1,0,0,0,1,2,Fort Lauderdale,FL,Florida,27.664827,-81.515754
377,Senior LiDAR Data Scientist,3.9,201 to 500 employees,Company - Private,Computer Hardware & Software,Information Technology,Unknown / Non-Applicable,122.0,1,0,0,1,0,2,Orlando,FL,Florida,27.664827,-81.515754
431,Data Engineer,5.0,51 to 200 employees,Company - Private,IT Services,Information Technology,Unknown / Non-Applicable,132.5,0,0,0,0,0,0,Tampa,FL,Florida,27.664827,-81.515754
232,Data Scientist,4.7,51 to 200 employees,Company - Private,Computer Hardware & Software,Information Technology,$25 to $50 million (USD),79.5,1,0,0,0,1,2,Atlanta,GA,Georgia,32.157435,-82.907123
351,Sr. Scientist Method Development,2.9,1001 to 5000 employees,Company - Private,Biotech & Pharmaceuticals,Biotech & Pharmaceuticals,Unknown / Non-Applicable,80.0,0,0,0,0,1,1,Marietta,GA,Georgia,32.157435,-82.907123
29,Data Engineer I - Azure,3.9,1001 to 5000 employees,Company - Private,Industrial Manufacturing,Manufacturing,$1 to $2 billion (USD),77.5,0,0,0,0,1,1,Pella,IA,Iowa,41.878003,-93.097702
178,Sr. Data Engineer (ETL Developer),3.7,201 to 500 employees,Subsidiary or Business Segment,Insurance Carriers,Insurance,$100 to $500 million (USD),115.5,1,0,0,0,1,2,Des Moines,IA,Iowa,41.878003,-93.097702
188,Analytics - Business Assurance Data Analyst,4.6,501 to 1000 employees,Company - Private,Lending,Finance,$100 to $500 million (USD),43.0,0,0,0,0,1,1,Cedar Rapids,IA,Iowa,41.878003,-93.097702
273,Data Analyst,4.0,201 to 500 employees,Company - Private,Computer Hardware & Software,Information Technology,$50 to $100 million (USD),49.0,1,1,0,0,1,3,Meridian,ID,Idaho,44.068202,-114.742041
293,Insurance Financial Data Analyst,4.2,501 to 1000 employees,Company - Private,Investment Banking & Asset Management,Finance,$50 to $100 million (USD),63.5,0,0,0,0,1,1,Boise,ID,Idaho,44.068202,-114.742041
25,Senior Insurance Data Scientist,3.9,5001 to 10000 employees,Company - Public,Financial Analytics & Research,Finance,$1 to $2 billion (USD),140.0,1,0,0,0,1,2,Chicago,IL,Illinois,40.633125,-89.398528
44,Data Scientist,3.4,51 to 200 employees,Company - Private,Advertising & Marketing,Business Services,$10 to $25 million (USD),87.5,0,0,0,0,0,0,Chicago,IL,Illinois,40.633125,-89.398528
49,Data Analyst,4.3,51 to 200 employees,Company - Private,Computer Hardware & Software,Information Technology,$10 to $25 million (USD),77.5,0,0,0,0,1,1,Chicago,IL,Illinois,40.633125,-89.398528
117,College Hire - Data Scientist - Open to December 2019 Graduates,3.7,10000+ employees,Company - Public,Industrial Manufacturing,Manufacturing,$10+ billion (USD),81.0,0,0,0,0,0,0,Peoria,IL,Illinois,40.633125,-89.398528
126,"Director II, Data Science - GRM Actuarial",3.3,10000+ employees,Company - Private,Insurance Carriers,Insurance,$10+ billion (USD),254.0,1,0,0,0,0,1,Chicago,IL,Illinois,40.633125,-89.398528
127,"Director II, Data Science - GRS Predictive Analytics",3.3,10000+ employees,Company - Private,Insurance Carriers,Insurance,$10+ billion (USD),194.5,1,0,0,0,0,1,Chicago,IL,Illinois,40.633125,-89.398528
136,"Director, Data Science",3.6,10000+ employees,Company - Public,Wholesale,Business Services,$10+ billion (USD),179.5,1,0,0,0,1,2,Lake Forest,IL,Illinois,40.633125,-89.398528
163,Salesforce Analytics Consultant,3.9,501 to 1000 employees,Company - Private,Enterprise Software & Network Solutions,Information Technology,$100 to $500 million (USD),66.5,1,0,0,0,0,1,Chicago,IL,Illinois,40.633125,-89.398528
167,R&D Specialist/ Food Scientist,2.4,501 to 1000 employees,Company - Private,Food & Beverage Manufacturing,Manufacturing,$100 to $500 million (USD),52.5,0,0,0,0,0,0,Hoopeston,IL,Illinois,40.633125,-89.398528
217,Sr. Data Engineer,3.4,1001 to 5000 employees,Company - Public,Transportation Management,Transportation & Logistics,$2 to $5 billion (USD),107.5,0,0,0,0,0,0,Chicago,IL,Illinois,40.633125,-89.398528
275,Data Engineer,3.5,201 to 500 employees,Company - Private,Consulting,Business Services,$50 to $100 million (USD),95.5,1,0,0,0,0,1,Chicago,IL,Illinois,40.633125,-89.398528
276,Data Scientist,4.4,201 to 500 employees,Company - Private,Consulting,Business Services,$50 to $100 million (USD),81.0,1,0,0,1,1,3,Chicago,IL,Illinois,40.633125,-89.398528
279,Senior Data Scientist,4.4,201 to 500 employees,Company - Private,Consulting,Business Services,$50 to $100 million (USD),128.5,1,0,0,1,1,3,Chicago,IL,Illinois,40.633125,-89.398528
357,Senior Data & Machine Learning Scientist,3.0,501 to 1000 employees,Company - Private,Biotech & Pharmaceuticals,Biotech & Pharmaceuticals,Unknown / Non-Applicable,133.0,1,0,0,1,0,2,Chicago,IL,Illinois,40.633125,-89.398528
448,Data Scientist - Quantitative,3.8,501 to 1000 employees,Company - Private,Logistics & Supply Chain,Transportation & Logistics,Unknown / Non-Applicable,112.5,1,0,0,1,1,3,Chicago,IL,Illinois,40.633125,-89.398528
122,Data Modeler - Data Solutions Engineer,3.3,10000+ employees,Company - Private,Insurance Carriers,Insurance,$10+ billion (USD),51.5,1,0,0,0,1,2,Indianapolis,IN,Indiana,40.551217,-85.602364
240,Data Scientist,3.5,201 to 500 employees,Company - Private,IT Services,Information Technology,$25 to $50 million (USD),88.5,0,0,0,1,0,1,Indianapolis,IN,Indiana,40.551217,-85.602364
281,Ag Data Scientist,4.6,501 to 1000 employees,Company - Private,Farm Support Services,Agriculture & Forestry,$50 to $100 million (USD),80.5,0,0,0,0,0,0,Atlanta,IN,Indiana,40.551217,-85.602364
394,Analytics Consultant,4.4,1 to 50 employees,Company - Private,Enterprise Software & Network Solutions,Information Technology,Unknown / Non-Applicable,66.5,1,0,0,0,0,1,Indianapolis,IN,Indiana,40.551217,-85.602364
328,Machine Learning Engineer - Regulatory,3.7,501 to 1000 employees,Company - Public,Stock Exchanges,Finance,$500 million to $1 billion (USD),87.0,1,0,0,0,1,2,Lenexa,KS,Kansas,39.011902,-98.484246
64,Data Scientist,4.3,51 to 200 employees,Nonprofit Organization,Logistics & Supply Chain,Transportation & Logistics,$10 to $25 million (USD),84.0,1,0,0,0,1,2,Louisville,KY,Kentucky,37.839333,-84.270018
104,Scientist Manufacturing Pharma - Kentucky BioProcessing,3.1,5001 to 10000 employees,Company - Private,Consumer Products Manufacturing,Manufacturing,$10+ billion (USD),103.5,0,0,0,0,0,0,Owensboro,KY,Kentucky,37.839333,-84.270018
105,Scientist Manufacturing - Kentucky BioProcessing,3.1,5001 to 10000 employees,Company - Private,Consumer Products Manufacturing,Manufacturing,$10+ billion (USD),103.5,0,0,0,0,0,0,Owensboro,KY,Kentucky,37.839333,-84.270018
371,Data Engineer,3.7,501 to 1000 employees,Company - Private,Computer Hardware & Software,Information Technology,Unknown / Non-Applicable,70.5,0,0,0,0,1,1,Lafayette,LA,Louisiana,31.244823,-92.145024
405,E-Commerce Data Analyst,3.5,51 to 200 employees,Company - Private,Enterprise Software & Network Solutions,Information Technology,Unknown / Non-Applicable,48.0,0,0,0,0,1,1,New Orleans,LA,Louisiana,31.244823,-92.145024
409,Medical Technologist / Clinical Laboratory Scientist,3.4,10000+ employees,Government,Federal Agencies,Government,Unknown / Non-Applicable,20.0,0,0,0,0,0,0,New Orleans,LA,Louisiana,31.244823,-92.145024
8,Senior Scientist - Neuroscience,3.5,1001 to 5000 employees,Company - Private,Biotech & Pharmaceuticals,Biotech & Pharmaceuticals,$1 to $2 billion (USD),145.0,1,0,0,0,1,2,Marlborough,MA,Massachusetts,42.407211,-71.382437
10,Senior Scientist (Neuroscience),3.5,1001 to 5000 employees,Company - Private,Biotech & Pharmaceuticals,Biotech & Pharmaceuticals,$1 to $2 billion (USD),154.5,1,0,0,0,1,2,Marlborough,MA,Massachusetts,42.407211,-71.382437
17,Senior Data Scientist,4.4,1001 to 5000 employees,Company - Private,Computer Hardware & Software,Information Technology,$1 to $2 billion (USD),139.5,1,0,0,0,0,1,Natick,MA,Massachusetts,42.407211,-71.382437
22,Data Scientist - Systems Engineering,3.2,5001 to 10000 employees,Nonprofit Organization,Federal Agencies,Government,$1 to $2 billion (USD),69.5,1,0,0,0,1,2,Bedford,MA,Massachusetts,42.407211,-71.382437
39,"Scientist I/II, Biology",3.9,51 to 200 employees,Company - Public,Biotech & Pharmaceuticals,Biotech & Pharmaceuticals,$1 to $5 million (USD),102.0,0,0,0,0,1,1,Cambridge,MA,Massachusetts,42.407211,-71.382437
41,Data Scientist,2.8,51 to 200 employees,Company - Private,Biotech & Pharmaceuticals,Biotech & Pharmaceuticals,$1 to $5 million (USD),118.0,1,0,0,0,1,2,Framingham,MA,Massachusetts,42.407211,-71.382437
47,"Clinical Scientist, Clinical Development",3.8,51 to 200 employees,Company - Private,Biotech & Pharmaceuticals,Biotech & Pharmaceuticals,$10 to $25 million (USD),37.0,0,0,0,0,1,1,Watertown,MA,Massachusetts,42.407211,-71.382437
48,Research Scientist,1.9,51 to 200 employees,Company - Private,Biotech & Pharmaceuticals,Biotech & Pharmaceuticals,$10 to $25 million (USD),87.5,0,0,0,1,0,1,Cambridge,MA,Massachusetts,42.407211,-71.382437
72,"Associate, Data Science, Internal Audit",3.1,10000+ employees,Company - Private,Banks & Credit Unions,Finance,$10+ billion (USD),62.5,1,0,0,0,1,2,Boston,MA,Massachusetts,42.407211,-71.382437
74,"Sr Expert Data Science, Advanced Visual Analytics (Associate level)",3.8,10000+ employees,Company - Public,Biotech & Pharmaceuticals,Biotech & Pharmaceuticals,$10+ billion (USD),106.5,1,0,0,0,0,1,Cambridge,MA,Massachusetts,42.407211,-71.382437
77,"Director, Precision Medicine Clinical Biomarker Scientist",4.0,10000+ employees,Company - Public,Biotech & Pharmaceuticals,Biotech & Pharmaceuticals,$10+ billion (USD),172.0,0,0,0,1,0,1,Cambridge,MA,Massachusetts,42.407211,-71.382437
79,Data Scientist / Machine Learning Expert,3.8,10000+ employees,Company - Public,Biotech & Pharmaceuticals,Biotech & Pharmaceuticals,$10+ billion (USD),114.5,1,0,0,0,0,1,Cambridge,MA,Massachusetts,42.407211,-71.382437
81,"Sr Scientist, Immuno-Oncology - Oncology",3.9,10000+ employees,Company - Public,Biotech & Pharmaceuticals,Biotech & Pharmaceuticals,$10+ billion (USD),84.5,0,0,0,1,0,1,Cambridge,MA,Massachusetts,42.407211,-71.382437
82,Pricipal Scientist Molecular and cellular biologist,3.7,10000+ employees,Company - Public,Biotech & Pharmaceuticals,Biotech & Pharmaceuticals,$10+ billion (USD),76.5,0,0,0,0,1,1,Boston,MA,Massachusetts,42.407211,-71.382437
83,Data Scientist in Translational Medicine,3.8,10000+ employees,Company - Public,Biotech & Pharmaceuticals,Biotech & Pharmaceuticals,$10+ billion (USD),114.5,0,0,0,0,0,0,Cambridge,MA,Massachusetts,42.407211,-71.382437
85,Senior Data Scientist: Causal & Predictive analytics AI Innovation Lab,3.8,10000+ employees,Company - Public,Biotech & Pharmaceuticals,Biotech & Pharmaceuticals,$10+ billion (USD),121.0,0,0,0,0,0,0,Cambridge,MA,Massachusetts,42.407211,-71.382437
89,Digital Health Data Scientist,4.0,10000+ employees,Company - Public,Biotech & Pharmaceuticals,Biotech & Pharmaceuticals,$10+ billion (USD),86.5,1,0,0,1,1,3,Cambridge,MA,Massachusetts,42.407211,-71.382437
90,"Scientist, Immuno-Oncology",3.9,10000+ employees,Company - Public,Biotech & Pharmaceuticals,Biotech & Pharmaceuticals,$10+ billion (USD),90.5,0,0,0,1,0,1,Cambridge,MA,Massachusetts,42.407211,-71.382437
91,"Sr. Scientist, Quantitative Translational Sciences",3.7,10000+ employees,Company - Public,Biotech & Pharmaceuticals,Biotech & Pharmaceuticals,$10+ billion (USD),161.5,0,0,0,0,0,0,Boston,MA,Massachusetts,42.407211,-71.382437
92,"Senior Data Scientist – Visualization, Novartis AI Innovation Lab",3.8,10000+ employees,Company - Public,Biotech & Pharmaceuticals,Biotech & Pharmaceuticals,$10+ billion (USD),121.0,0,0,0,0,0,0,Cambridge,MA,Massachusetts,42.407211,-71.382437
93,Principal Scientist - Immunologist,3.7,10000+ employees,Company - Public,Biotech & Pharmaceuticals,Biotech & Pharmaceuticals,$10+ billion (USD),140.0,0,0,0,0,1,1,Boston,MA,Massachusetts,42.407211,-71.382437
120,Data Science Project Manager,3.6,5001 to 10000 employees,Company - Private,Insurance Carriers,Insurance,$10+ billion (USD),68.5,0,0,0,0,1,1,Boston,MA,Massachusetts,42.407211,-71.382437
121,Sr. Data Analyst,3.6,5001 to 10000 employees,Company - Private,Insurance Carriers,Insurance,$10+ billion (USD),81.0,1,0,0,0,0,1,Springfield,MA,Massachusetts,42.407211,-71.382437
123,Data Analytics Project Manager,3.6,5001 to 10000 employees,Company - Private,Insurance Carriers,Insurance,$10+ billion (USD),63.0,0,0,0,0,1,1,Springfield,MA,Massachusetts,42.407211,-71.382437
129,"Assistant Director/Director, Office of Data Science",3.3,10000+ employees,Company - Private,Insurance Carriers,Insurance,$10+ billion (USD),53.0,0,0,0,0,0,0,Boston,MA,Massachusetts,42.407211,-71.382437
130,"Data Scientist, Office of Data Science",3.3,10000+ employees,Company - Private,Insurance Carriers,Insurance,$10+ billion (USD),114.5,1,0,0,0,0,1,Boston,MA,Massachusetts,42.407211,-71.382437
131,"Director - Data, Privacy and AI Governance",3.6,5001 to 10000 employees,Company - Private,Insurance Carriers,Insurance,$10+ billion (USD),101.0,0,0,0,0,0,0,Boston,MA,Massachusetts,42.407211,-71.382437
138,Data Scientist - Research,3.1,201 to 500 employees,Company - Public,Advertising & Marketing,Business Services,$100 to $500 million (USD),56.5,1,0,0,0,0,1,Boston,MA,Massachusetts,42.407211,-71.382437
145,"Scientist, Analytical Development",4.4,201 to 500 employees,Company - Public,Biotech & Pharmaceuticals,Biotech & Pharmaceuticals,$100 to $500 million (USD),62.0,0,0,0,0,0,0,Cambridge,MA,Massachusetts,42.407211,-71.382437
148,"Scientist/Senior Scientist, Autoimmune",4.4,201 to 500 employees,Company - Public,Biotech & Pharmaceuticals,Biotech & Pharmaceuticals,$100 to $500 million (USD),134.5,0,0,0,0,0,0,Cambridge,MA,Massachusetts,42.407211,-71.382437
246,IT Associate Data Analyst,3.7,5001 to 10000 employees,Company - Public,Insurance Carriers,Insurance,$5 to $10 billion (USD),54.0,0,0,0,0,0,0,Worcester,MA,Massachusetts,42.407211,-71.382437
248,PL Actuarial-Lead Data Scientist,3.7,5001 to 10000 employees,Company - Public,Insurance Carriers,Insurance,$5 to $10 billion (USD),146.5,1,0,0,0,1,2,Worcester,MA,Massachusetts,42.407211,-71.382437
252,Associate Data Analyst,3.7,5001 to 10000 employees,Company - Public,Insurance Carriers,Insurance,$5 to $10 billion (USD),47.5,0,0,0,0,1,1,Worcester,MA,Massachusetts,42.407211,-71.382437
260,Research Scientist / Principal Research Scientist - Multiphysical Systems,4.6,51 to 200 employees,Subsidiary or Business Segment,Research & Development,Business Services,$5 to $10 million (USD),167.5,0,0,0,0,0,0,Cambridge,MA,Massachusetts,42.407211,-71.382437
261,Research Scientist or Senior Research Scientist - Computer Vision,4.6,51 to 200 employees,Subsidiary or Business Segment,Research & Development,Business Services,$5 to $10 million (USD),121.0,0,0,0,1,1,2,Cambridge,MA,Massachusetts,42.407211,-71.382437
269,Data Scientist,4.2,201 to 500 employees,Company - Private,Banks & Credit Unions,Finance,$50 to $100 million (USD),100.5,0,0,0,0,1,1,Holyoke,MA,Massachusetts,42.407211,-71.382437
270,"Scientist, Pharmacometrics",3.8,501 to 1000 employees,Company - Public,Biotech & Pharmaceuticals,Biotech & Pharmaceuticals,$50 to $100 million (USD),120.5,0,0,0,0,0,0,Cambridge,MA,Massachusetts,42.407211,-71.382437
271,"Manager, Safety Scientist, Medical Safety & Risk Management",3.8,501 to 1000 employees,Company - Public,Biotech & Pharmaceuticals,Biotech & Pharmaceuticals,$50 to $100 million (USD),96.5,0,0,0,0,1,1,Cambridge,MA,Massachusetts,42.407211,-71.382437
352,"Associate Director/Director, Safety Scientist",4.4,201 to 500 employees,Company - Public,Biotech & Pharmaceuticals,Biotech & Pharmaceuticals,Unknown / Non-Applicable,140.0,0,0,0,0,1,1,Cambridge,MA,Massachusetts,42.407211,-71.382437
353,PV Scientist,2.9,201 to 500 employees,Company - Public,Biotech & Pharmaceuticals,Biotech & Pharmaceuticals,Unknown / Non-Applicable,91.5,0,0,0,0,1,1,Newton,MA,Massachusetts,42.407211,-71.382437
359,Data Scientist,4.7,201 to 500 employees,Company - Private,Biotech & Pharmaceuticals,Biotech & Pharmaceuticals,Unknown / Non-Applicable,112.5,1,0,0,0,1,2,Ipswich,MA,Massachusetts,42.407211,-71.382437
380,ENVIRONMENTAL ENGINEER/SCIENTIST,3.3,1 to 50 employees,Company - Private,Construction,"Construction, Repair & Maintenance",Unknown / Non-Applicable,26.5,0,0,0,0,1,1,Cambridge,MA,Massachusetts,42.407211,-71.382437
401,Data Scientist,4.4,201 to 500 employees,Company - Private,Enterprise Software & Network Solutions,Information Technology,Unknown / Non-Applicable,100.5,1,0,0,0,1,2,Cambridge,MA,Massachusetts,42.407211,-71.382437
4,Data Scientist,4.5,5001 to 10000 employees,Nonprofit Organization,Aerospace & Defense,Aerospace & Defense,$1 to $2 billion (USD),130.0,1,0,0,0,1,2,Laurel,MD,Maryland,39.045755,-76.641271
57,Data Modeler,4.7,51 to 200 employees,Company - Private,IT Services,Information Technology,$10 to $25 million (USD),106.5,0,0,0,0,0,0,Landover,MD,Maryland,39.045755,-76.641271
68,Software Engineer Staff Scientist: Human Language Technologies,3.7,10000+ employees,Company - Public,Aerospace & Defense,Aerospace & Defense,$10+ billion (USD),99.0,1,0,0,0,0,1,Cambridge,MD,Maryland,39.045755,-76.641271
86,"Associate Principal Scientist, Pharmacogenomics",3.9,10000+ employees,Company - Public,Biotech & Pharmaceuticals,Biotech & Pharmaceuticals,$10+ billion (USD),95.0,0,0,0,0,0,0,Gaithersburg,MD,Maryland,39.045755,-76.641271
95,Scientist - CVRM Metabolism - in vivo pharmacology,3.9,10000+ employees,Company - Public,Biotech & Pharmaceuticals,Biotech & Pharmaceuticals,$10+ billion (USD),92.0,0,0,0,0,0,0,Gaithersburg,MD,Maryland,39.045755,-76.641271
96,Principal Data Scientist,3.9,10000+ employees,Company - Public,Biotech & Pharmaceuticals,Biotech & Pharmaceuticals,$10+ billion (USD),147.5,1,0,0,0,1,2,Gaithersburg,MD,Maryland,39.045755,-76.641271
98,Senior Data Scientist Oncology,3.9,10000+ employees,Company - Public,Biotech & Pharmaceuticals,Biotech & Pharmaceuticals,$10+ billion (USD),140.0,1,0,0,0,1,2,Gaithersburg,MD,Maryland,39.045755,-76.641271
115,Scientist,3.4,10000+ employees,Subsidiary or Business Segment,IT Services,Information Technology,$10+ billion (USD),85.5,0,0,0,0,0,0,Suitland,MD,Maryland,39.045755,-76.641271
175,Data Analyst / Scientist,4.2,1001 to 5000 employees,Company - Private,IT Services,Information Technology,$100 to $500 million (USD),72.5,0,0,0,0,1,1,Patuxent River,MD,Maryland,39.045755,-76.641271
190,Data Analyst,2.3,501 to 1000 employees,Company - Private,Research & Development,Business Services,$100 to $500 million (USD),62.0,0,0,0,0,1,1,Baltimore,MD,Maryland,39.045755,-76.641271
207,Healthcare Data Scientist,3.4,10000+ employees,Other Organization,Health Care Services & Hospitals,Health Care,$2 to $5 billion (USD),87.5,1,0,0,0,0,1,Linthicum,MD,Maryland,39.045755,-76.641271
227,Staff Scientist-Downstream Process Development,2.7,201 to 500 employees,Company - Private,Biotech & Pharmaceuticals,Biotech & Pharmaceuticals,$25 to $50 million (USD),81.0,0,0,0,0,1,1,Rockville,MD,Maryland,39.045755,-76.641271
228,Staff Scientist- Upstream PD,2.7,201 to 500 employees,Company - Private,Biotech & Pharmaceuticals,Biotech & Pharmaceuticals,$25 to $50 million (USD),81.0,0,0,0,0,0,0,Rockville,MD,Maryland,39.045755,-76.641271
229,Quality Control Scientist III- Analytical Development,2.7,201 to 500 employees,Company - Private,Biotech & Pharmaceuticals,Biotech & Pharmaceuticals,$25 to $50 million (USD),80.5,0,0,0,0,1,1,Rockville,MD,Maryland,39.045755,-76.641271
238,Data Scientist,3.7,201 to 500 employees,Company - Private,IT Services,Information Technology,$25 to $50 million (USD),86.0,1,0,0,0,1,2,Silver Spring,MD,Maryland,39.045755,-76.641271
239,Data Engineer,3.4,201 to 500 employees,Company - Private,IT Services,Information Technology,$25 to $50 million (USD),109.0,0,0,0,1,0,1,Rockville,MD,Maryland,39.045755,-76.641271
255,Software Engineer - Data Visualization,4.0,51 to 200 employees,Company - Private,Computer Hardware & Software,Information Technology,$5 to $10 million (USD),93.5,0,0,0,0,1,1,Annapolis Junction,MD,Maryland,39.045755,-76.641271
310,"Senior Health Data Analyst, Star Ratings",3.3,1001 to 5000 employees,Company - Private,Health Care Services & Hospitals,Health Care,$500 million to $1 billion (USD),107.5,0,0,0,0,0,0,Glen Burnie,MD,Maryland,39.045755,-76.641271
317,"Data Scientist (Actuary, FSA or ASA)",3.8,501 to 1000 employees,Company - Private,Insurance Carriers,Insurance,$500 million to $1 billion (USD),107.0,1,0,0,0,1,2,Frederick,MD,Maryland,39.045755,-76.641271
345,Data Scientist,4.1,501 to 1000 employees,Company - Private,Banks & Credit Unions,Finance,Unknown / Non-Applicable,73.5,0,0,0,0,1,1,Baltimore,MD,Maryland,39.045755,-76.641271
418,Data Scientist,2.8,201 to 500 employees,Company - Private,Health Care Services & Hospitals,Health Care,Unknown / Non-Applicable,107.5,1,0,0,0,0,1,Rockville,MD,Maryland,39.045755,-76.641271
424,Lead Data Scientist,4.1,1 to 50 employees,Company - Private,IT Services,Information Technology,Unknown / Non-Applicable,133.0,1,0,0,0,0,1,Silver Spring,MD,Maryland,39.045755,-76.641271
324,Data Scientist,3.6,1001 to 5000 employees,Company - Private,Real Estate,Real Estate,$500 million to $1 billion (USD),96.0,1,0,0,0,0,1,Detroit,MI,Michigan,44.314844,-85.602364
341,Analytics Manager,4.3,201 to 500 employees,Company - Private,Advertising & Marketing,Business Services,Unknown / Non-Applicable,87.5,0,0,0,0,1,1,Dearborn,MI,Michigan,44.314844,-85.602364
379,Senior Data Scientist,5.0,51 to 200 employees,Company - Private,Computer Hardware & Software,Information Technology,Unknown / Non-Applicable,130.0,0,0,0,0,1,1,Ann Arbor,MI,Michigan,44.314844,-85.602364
384,Survey Data Analyst,4.2,201 to 500 employees,Company - Private,Consulting,Business Services,Unknown / Non-Applicable,76.0,1,0,0,0,1,2,Minneapolis,MN,Minnesota,46.729553,-94.6859
19,Excel / VBA / SQL Data Analyst,4.1,501 to 1000 employees,Company - Private,Energy,"Oil, Gas, Energy & Utilities",$1 to $2 billion (USD),61.0,0,0,0,0,1,1,Springfield,MO,Missouri,37.964253,-91.831833
259,Data Scientist,3.5,1 to 50 employees,School / School District,K-12 Education,Education,$5 to $10 million (USD),96.0,0,0,0,0,1,1,Maryland Heights,MO,Missouri,37.964253,-91.831833
294,Scientist,2.7,501 to 1000 employees,Subsidiary or Business Segment,Research & Development,Business Services,$50 to $100 million (USD),76.0,0,0,0,0,1,1,Maryland Heights,MO,Missouri,37.964253,-91.831833
462,Data Analytics Manager,3.8,501 to 1000 employees,Company - Private,Staffing & Outsourcing,Business Services,Unknown / Non-Applicable,40.5,1,0,0,1,1,3,Kansas City,MO,Missouri,37.964253,-91.831833
101,Scientist - Analytical Services,3.1,5001 to 10000 employees,Company - Private,Consumer Products Manufacturing,Manufacturing,$10+ billion (USD),99.5,0,0,0,0,1,1,Winston-Salem,NC,North Carolina,35.759573,-79.0193
102,Senior Scientist - Biostatistician,3.1,5001 to 10000 employees,Company - Private,Consumer Products Manufacturing,Manufacturing,$10+ billion (USD),80.5,0,0,0,0,1,1,Winston-Salem,NC,North Carolina,35.759573,-79.0193
103,Senior Scientist - Regulatory Submissions,3.1,5001 to 10000 employees,Company - Private,Consumer Products Manufacturing,Manufacturing,$10+ billion (USD),117.5,0,0,0,0,1,1,Winston-Salem,NC,North Carolina,35.759573,-79.0193
106,Senior Scientist - Toxicologist - Product Integrity (Stewardship),3.1,5001 to 10000 employees,Company - Private,Consumer Products Manufacturing,Manufacturing,$10+ billion (USD),74.0,0,0,0,0,1,1,Winston-Salem,NC,North Carolina,35.759573,-79.0193
327,Senior Research Analytical Scientist-Non-Targeted Analysis,4.3,1001 to 5000 employees,Nonprofit Organization,Research & Development,Business Services,$500 million to $1 billion (USD),65.5,0,0,0,0,0,0,Durham,NC,North Carolina,35.759573,-79.0193
426,Data Engineer - Consultant (Charlotte Based),4.2,201 to 500 employees,Company - Private,IT Services,Information Technology,Unknown / Non-Applicable,85.5,1,0,0,0,1,2,Charlotte,NC,North Carolina,35.759573,-79.0193
110,Medical Lab Scientist - MLT,3.2,10000+ employees,Nonprofit Organization,Health Care Services & Hospitals,Health Care,$10+ billion (USD),25.0,0,0,0,0,0,0,Omaha,NE,Nebraska,41.492537,-99.901813
415,Research Scientist,2.9,1001 to 5000 employees,Hospital,Health Care Services & Hospitals,Health Care,Unknown / Non-Applicable,61.5,0,0,0,0,1,1,Omaha,NE,Nebraska,41.492537,-99.901813
461,Research Scientist,3.8,1001 to 5000 employees,Nonprofit Organization,Social Assistance,Non-Profit,Unknown / Non-Applicable,52.5,0,0,0,0,1,1,Omaha,NE,Nebraska,41.492537,-99.901813
11,Senior Quantitative Analyst,3.3,1001 to 5000 employees,Company - Private,Brokerage Services,Finance,$1 to $2 billion (USD),173.0,1,0,0,0,1,2,Jersey City,NJ,New Jersey,40.058324,-74.405661
58,Senior Data Scientist,3.3,1001 to 5000 employees,Company - Private,Insurance Carriers,Insurance,$10 to $25 million (USD),98.5,0,0,0,0,1,1,Woodbridge,NJ,New Jersey,40.058324,-74.405661
133,Data Scientist,3.6,10000+ employees,Company - Public,Investment Banking & Asset Management,Finance,$10+ billion (USD),116.5,0,0,0,0,1,1,Jersey City,NJ,New Jersey,40.058324,-74.405661
202,Scientist,3.4,5001 to 10000 employees,Company - Public,Consumer Products Manufacturing,Manufacturing,$2 to $5 billion (USD),82.5,0,0,0,1,0,1,Allendale,NJ,New Jersey,40.058324,-74.405661
203,BI & Platform Analytics Manager,3.4,1001 to 5000 employees,Company - Public,Consumer Products Manufacturing,Manufacturing,$2 to $5 billion (USD),109.5,1,0,0,0,1,2,Ewing,NJ,New Jersey,40.058324,-74.405661
243,Information Security Data Analyst,4.3,501 to 1000 employees,Company - Public,Banks & Credit Unions,Finance,$5 to $10 billion (USD),58.0,0,0,0,1,0,1,Red Bank,NJ,New Jersey,40.058324,-74.405661
335,Data Scientist,3.6,1001 to 5000 employees,Company - Private,Advertising & Marketing,Business Services,Unknown / Non-Applicable,114.0,1,0,0,1,1,3,Fort Lee,NJ,New Jersey,40.058324,-74.405661
336,Director Data Science,3.6,1001 to 5000 employees,Company - Private,Advertising & Marketing,Business Services,Unknown / Non-Applicable,161.5,1,0,0,1,1,3,Fort Lee,NJ,New Jersey,40.058324,-74.405661
376,Financial Data Analyst,4.7,201 to 500 employees,Company - Private,Computer Hardware & Software,Information Technology,Unknown / Non-Applicable,56.5,0,0,0,0,1,1,Matawan,NJ,New Jersey,40.058324,-74.405661
393,System and Data Analyst,3.7,201 to 500 employees,Company - Private,Enterprise Software & Network Solutions,Information Technology,Unknown / Non-Applicable,59.0,0,0,0,0,1,1,Cherry Hill,NJ,New Jersey,40.058324,-74.405661
425,Senior Data Analyst,2.8,201 to 500 employees,Company - Private,IT Services,Information Technology,Unknown / Non-Applicable,77.5,1,0,0,0,1,2,Hamilton,NJ,New Jersey,40.058324,-74.405661
442,Data Engineer,3.4,201 to 500 employees,Company - Private,Internet,Information Technology,Unknown / Non-Applicable,78.0,1,0,0,0,0,1,Lyndhurst,NJ,New Jersey,40.058324,-74.405661
450,Data Engineer I,3.6,1001 to 5000 employees,Subsidiary or Business Segment,Motion Picture Production & Distribution,Media,Unknown / Non-Applicable,146.0,0,0,0,0,1,1,Newark,NJ,New Jersey,40.058324,-74.405661
7,Data Scientist,3.5,5001 to 10000 employees,Company - Public,Biotech & Pharmaceuticals,Biotech & Pharmaceuticals,$1 to $2 billion (USD),75.5,1,0,0,0,1,2,Albuquerque,NM,New Mexico,34.97273,-105.032363
268,Data Scientist,3.8,501 to 1000 employees,Company - Private,Aerospace & Defense,Aerospace & Defense,$50 to $100 million (USD),72.0,1,0,0,0,1,2,Albuquerque,NM,New Mexico,34.97273,-105.032363
38,Data Scientist,2.8,1001 to 5000 employees,Company - Public,Wholesale,Business Services,$1 to $2 billion (USD),76.5,1,0,0,0,1,2,Carle Place,NY,New York,43.299428,-74.217933
56,Data Analyst,3.6,1 to 50 employees,Company - Private,Health Care Services & Hospitals,Health Care,$10 to $25 million (USD),66.0,0,0,0,0,1,1,New York,NY,New York,43.299428,-74.217933
73,Senior Data Scientist - R&D Oncology,3.9,10000+ employees,Company - Public,Biotech & Pharmaceuticals,Biotech & Pharmaceuticals,$10+ billion (USD),137.0,1,0,0,0,0,1,New York,NY,New York,43.299428,-74.217933
88,"Senior Manager, Epidemiologic Data Scientist",4.0,10000+ employees,Company - Public,Biotech & Pharmaceuticals,Biotech & Pharmaceuticals,$10+ billion (USD),167.5,0,0,0,1,1,2,New York,NY,New York,43.299428,-74.217933
118,Data Scientist,3.7,10000+ employees,Company - Public,Insurance Agencies & Brokerages,Insurance,$10+ billion (USD),115.0,1,0,0,0,1,2,Armonk,NY,New York,43.299428,-74.217933
119,Senior Data Scientist,3.7,10000+ employees,Company - Public,Insurance Agencies & Brokerages,Insurance,$10+ billion (USD),139.0,1,0,0,0,1,2,Armonk,NY,New York,43.299428,-74.217933
157,Senior Data Analyst,1.9,201 to 500 employees,Company - Private,"Department, Clothing, & Shoe Stores",Retail,$100 to $500 million (USD),87.5,1,0,0,0,1,2,New York,NY,New York,43.299428,-74.217933
180,Data Engineer,3.7,201 to 500 employees,Company - Private,Insurance Carriers,Insurance,$100 to $500 million (USD),110.5,1,0,0,0,1,2,New York,NY,New York,43.299428,-74.217933
181,Data Engineer,3.5,201 to 500 employees,Company - Private,Insurance Carriers,Insurance,$100 to $500 million (USD),106.0,1,0,0,0,1,2,Long Beach,NY,New York,43.299428,-74.217933
187,Data Analyst,3.1,1001 to 5000 employees,School / School District,K-12 Education,Education,$100 to $500 million (USD),59.5,1,0,0,0,1,2,New York,NY,New York,43.299428,-74.217933
189,Data Scientist,4.0,201 to 500 employees,Company - Private,Lending,Finance,$100 to $500 million (USD),87.0,0,0,0,0,1,1,New York,NY,New York,43.299428,-74.217933
191,Data Scientist,3.9,1001 to 5000 employees,Company - Private,Research & Development,Business Services,$100 to $500 million (USD),15.5,0,0,0,0,1,1,Port Washington,NY,New York,43.299428,-74.217933
201,Data Scientist,3.5,10000+ employees,Company - Public,Consulting,Business Services,$2 to $5 billion (USD),80.5,1,0,0,1,0,2,New York,NY,New York,43.299428,-74.217933
206,"Data Analyst, Performance Partnership",3.6,10000+ employees,Subsidiary or Business Segment,Health Care Products Manufacturing,Manufacturing,$2 to $5 billion (USD),73.0,0,0,0,1,1,2,New York,NY,New York,43.299428,-74.217933
218,"Business Data Analyst, SQL",3.8,1001 to 5000 employees,Company - Private,Travel Agencies,Travel & Tourism,$2 to $5 billion (USD),65.0,0,0,0,0,1,1,New York,NY,New York,43.299428,-74.217933
219,"Marketing Data Analyst, May 2020 Undergrad",3.8,1001 to 5000 employees,Company - Private,Travel Agencies,Travel & Tourism,$2 to $5 billion (USD),65.0,0,0,0,0,1,1,New York,NY,New York,43.299428,-74.217933
220,Business Data Analyst,3.8,1001 to 5000 employees,Company - Private,Travel Agencies,Travel & Tourism,$2 to $5 billion (USD),53.5,1,0,0,0,1,2,New York,NY,New York,43.299428,-74.217933
278,Data & Analytics Consultant (NYC),4.7,201 to 500 employees,Company - Private,Consulting,Business Services,$50 to $100 million (USD),114.5,1,0,0,0,1,2,New York,NY,New York,43.299428,-74.217933
298,Data Scientist,3.6,1001 to 5000 employees,Company - Public,Auctions & Galleries,Retail,$500 million to $1 billion (USD),128.0,1,0,0,0,0,1,New York,NY,New York,43.299428,-74.217933
308,Data Architect / Data Modeler,4.3,1001 to 5000 employees,Company - Public,Enterprise Software & Network Solutions,Information Technology,$500 million to $1 billion (USD),86.5,0,0,0,1,1,2,New York,NY,New York,43.299428,-74.217933
309,Senior Data Scientist,4.3,1001 to 5000 employees,Company - Public,Enterprise Software & Network Solutions,Information Technology,$500 million to $1 billion (USD),123.5,1,0,0,1,0,2,New York,NY,New York,43.299428,-74.217933
312,"Principal Scientist, Chemistry & Immunology",3.3,10000+ employees,Hospital,Health Care Services & Hospitals,Health Care,$500 million to $1 billion (USD),84.5,0,0,0,0,0,0,Rochester,NY,New York,43.299428,-74.217933
313,"Principal Scientist, Hematology",3.3,10000+ employees,Hospital,Health Care Services & Hospitals,Health Care,$500 million to $1 billion (USD),84.5,0,0,0,0,0,0,Rochester,NY,New York,43.299428,-74.217933
315,Research Scientist,3.3,10000+ employees,Hospital,Health Care Services & Hospitals,Health Care,$500 million to $1 billion (USD),61.0,0,0,0,0,0,0,Rochester,NY,New York,43.299428,-74.217933
340,Data Scientist,2.9,51 to 200 employees,Company - Private,Advertising & Marketing,Business Services,Unknown / Non-Applicable,114.5,1,0,0,0,1,2,New York,NY,New York,43.299428,-74.217933
354,"Associate Scientist, LC/MS Biologics",2.9,1001 to 5000 employees,Company - Private,Biotech & Pharmaceuticals,Biotech & Pharmaceuticals,Unknown / Non-Applicable,70.0,0,0,0,0,1,1,Ithaca,NY,New York,43.299428,-74.217933
375,Machine Learning Engineer,3.2,1001 to 5000 employees,Company - Private,Computer Hardware & Software,Information Technology,Unknown / Non-Applicable,125.0,1,0,0,1,1,3,New York,NY,New York,43.299428,-74.217933
386,Data Scientist,4.0,501 to 1000 employees,Company - Private,Consumer Product Rental,Consumer Services,Unknown / Non-Applicable,97.5,1,0,0,0,1,2,New York,NY,New York,43.299428,-74.217933
388,Data Scientist,4.2,51 to 200 employees,Company - Private,Education Training Services,Education,Unknown / Non-Applicable,75.5,1,0,0,1,0,2,New York,NY,New York,43.299428,-74.217933
406,Senior Data Scientist - Algorithms,3.9,201 to 500 employees,Company - Private,Enterprise Software & Network Solutions,Information Technology,Unknown / Non-Applicable,165.0,1,0,0,0,0,1,New York,NY,New York,43.299428,-74.217933
428,Data Scientist,4.8,1 to 50 employees,Company - Private,IT Services,Information Technology,Unknown / Non-Applicable,145.5,1,0,0,0,1,2,New York,NY,New York,43.299428,-74.217933
444,Data Scientist - Alpha Insights,4.4,1001 to 5000 employees,Company - Private,Investment Banking & Asset Management,Finance,Unknown / Non-Applicable,172.0,0,0,0,0,0,0,New York,NY,New York,43.299428,-74.217933
456,Data Engineer,3.2,501 to 1000 employees,Company - Private,Research & Development,Business Services,Unknown / Non-Applicable,64.5,1,0,0,1,1,3,New York,NY,New York,43.299428,-74.217933
460,Data Scientist,4.7,501 to 1000 employees,Company - Private,Security Services,Business Services,Unknown / Non-Applicable,85.5,1,0,0,0,0,1,Syracuse,NY,New York,43.299428,-74.217933
137,Lead Data Scientist,3.8,201 to 500 employees,Company - Private,Advertising & Marketing,Business Services,$100 to $500 million (USD),100.0,1,0,0,0,1,2,Cincinnati,OH,Ohio,40.417287,-82.907123
142,Spectral Scientist/Engineer,4.7,501 to 1000 employees,Company - Private,Aerospace & Defense,Aerospace & Defense,$100 to $500 million (USD),86.5,0,0,0,0,0,0,Beavercreek,OH,Ohio,40.417287,-82.907123
210,Data Scientist,3.0,1001 to 5000 employees,Company - Private,Insurance Agencies & Brokerages,Insurance,$2 to $5 billion (USD),94.5,1,0,0,0,0,1,Cincinnati,OH,Ohio,40.417287,-82.907123
251,Sr Software Engineer (Data Scientist),3.4,10000+ employees,Company - Public,Insurance Carriers,Insurance,$5 to $10 billion (USD),110.5,0,0,0,0,1,1,Westlake,OH,Ohio,40.417287,-82.907123
282,Research Scientist – Security and Privacy,3.6,501 to 1000 employees,Nonprofit Organization,Federal Agencies,Government,$50 to $100 million (USD),93.5,1,0,0,0,0,1,Beavercreek,OH,Ohio,40.417287,-82.907123
318,Associate Data Analyst- Graduate Development Program,3.3,501 to 1000 employees,Company - Private,Insurance Carriers,Insurance,$500 million to $1 billion (USD),45.5,0,0,0,0,0,0,Richfield,OH,Ohio,40.417287,-82.907123
330,Data Scientist,3.5,1001 to 5000 employees,Company - Public,TV Broadcast & Cable Networks,Media,$500 million to $1 billion (USD),107.5,1,0,0,0,0,1,Cincinnati,OH,Ohio,40.417287,-82.907123
449,Senior Data Scientist,4.4,201 to 500 employees,Subsidiary or Business Segment,Metals Brokers,Mining & Metals,Unknown / Non-Applicable,107.0,1,0,0,1,0,2,Cincinnati,OH,Ohio,40.417287,-82.907123
464,Business Intelligence Analyst / Developer,4.3,1001 to 5000 employees,Company - Private,Trucking,Transportation & Logistics,Unknown / Non-Applicable,79.0,0,0,0,0,0,0,Dayton,OH,Ohio,40.417287,-82.907123
368,Software Data Engineer - College,4.0,10000+ employees,Company - Public,Computer Hardware & Software,Information Technology,Unknown / Non-Applicable,73.0,0,0,0,0,0,0,Corvallis,OR,Oregon,43.804133,-120.554201
32,Data Scientist,3.1,1001 to 5000 employees,Company - Private,Mining,Mining & Metals,$1 to $2 billion (USD),98.0,1,0,0,0,0,1,Pittsburgh,PA,Pennsylvania,41.203322,-77.194525
146,Sr Data Analyst - IT,2.1,1001 to 5000 employees,Other Organization,Biotech & Pharmaceuticals,Biotech & Pharmaceuticals,$100 to $500 million (USD),72.5,0,0,0,0,1,1,Blue Bell,PA,Pennsylvania,41.203322,-77.194525
196,"Principal, Data Science - Advanced Analytics",3.6,10000+ employees,Company - Public,Biotech & Pharmaceuticals,Biotech & Pharmaceuticals,$2 to $5 billion (USD),111.5,0,0,0,0,0,0,Plymouth Meeting,PA,Pennsylvania,41.203322,-77.194525
222,Jr. Business Data Analyst,4.7,201 to 500 employees,Company - Private,Advertising & Marketing,Business Services,$25 to $50 million (USD),56.5,0,0,0,0,1,1,Harrisburg,PA,Pennsylvania,41.203322,-77.194525
249,Data Analyst Senior,3.0,5001 to 10000 employees,Company - Private,Insurance Carriers,Insurance,$5 to $10 billion (USD),66.5,0,0,0,0,1,1,Philadelphia,PA,Pennsylvania,41.203322,-77.194525
253,Data Scientist,3.8,10000+ employees,Company - Public,Sporting Goods Stores,Retail,$5 to $10 billion (USD),85.0,1,0,0,0,0,1,Coraopolis,PA,Pennsylvania,41.203322,-77.194525
263,Data Science Manager,3.2,1 to 50 employees,Company - Private,Staffing & Outsourcing,Business Services,$5 to $10 million (USD),127.5,0,0,0,0,1,1,Allentown,PA,Pennsylvania,41.203322,-77.194525
266,Product Manager/Data Evangelist,3.2,1 to 50 employees,Company - Private,Staffing & Outsourcing,Business Services,$5 to $10 million (USD),74.0,1,0,0,1,0,2,Phila,PA,Pennsylvania,41.203322,-77.194525
311,Sr. Data Analyst,3.7,201 to 500 employees,Company - Private,Health Care Services & Hospitals,Health Care,$500 million to $1 billion (USD),69.5,0,0,0,0,1,1,Philadelphia,PA,Pennsylvania,41.203322,-77.194525
346,Marketing Data Analyst,3.9,501 to 1000 employees,Nonprofit Organization,Banks & Credit Unions,Finance,Unknown / Non-Applicable,49.0,1,0,0,0,0,1,Exton,PA,Pennsylvania,41.203322,-77.194525
360,"Project Scientist - Auton Lab, Robotics Institute",2.6,501 to 1000 employees,College / University,Colleges & Universities,Education,Unknown / Non-Applicable,73.5,0,0,0,0,1,1,Pittsburgh,PA,Pennsylvania,41.203322,-77.194525
361,Machine Learning Research Scientist,2.6,501 to 1000 employees,College / University,Colleges & Universities,Education,Unknown / Non-Applicable,120.0,1,0,0,0,0,1,Pittsburgh,PA,Pennsylvania,41.203322,-77.194525
362,Senior Research Scientist-Machine Learning,2.6,501 to 1000 employees,College / University,Colleges & Universities,Education,Unknown / Non-Applicable,124.0,0,0,0,0,0,0,Pittsburgh,PA,Pennsylvania,41.203322,-77.194525
365,Senior Research Scientist - Embedded System Development for DevOps,2.6,501 to 1000 employees,College / University,Colleges & Universities,Education,Unknown / Non-Applicable,124.0,1,0,0,0,1,2,Pittsburgh,PA,Pennsylvania,41.203322,-77.194525
366,"Research Scientist, Machine Learning Department",2.6,501 to 1000 employees,College / University,Colleges & Universities,Education,Unknown / Non-Applicable,107.5,1,0,0,0,0,1,Pittsburgh,PA,Pennsylvania,41.203322,-77.194525
417,Medical Lab Scientist,3.6,5001 to 10000 employees,Nonprofit Organization,Health Care Services & Hospitals,Health Care,Unknown / Non-Applicable,20.5,0,0,0,0,0,0,West Reading,PA,Pennsylvania,41.203322,-77.194525
434,Lead Health Data Analyst - Front End,3.4,501 to 1000 employees,Nonprofit Organization,Insurance Carriers,Insurance,Unknown / Non-Applicable,100.0,0,0,0,1,0,1,Providence,RI,Rhode Island,41.580095,-71.477429
225,Staff Scientist,4.4,201 to 500 employees,Company - Private,Architectural & Engineering Services,Business Services,$25 to $50 million (USD),60.5,0,0,0,0,0,0,Columbia,SC,South Carolina,33.836081,-81.163725
109,Sr. Data Engineer - Contract-to-Hire (Java),3.0,10000+ employees,Company - Private,Gas Stations,Retail,$10+ billion (USD),98.0,1,0,0,0,0,1,Knoxville,TN,Tennessee,35.517491,-86.580447
205,"Senior Operations Data Analyst, Call Center Operations",2.7,5001 to 10000 employees,Company - Public,Financial Transaction Processing,Finance,$2 to $5 billion (USD),13.5,0,0,0,0,1,1,Nashville,TN,Tennessee,35.517491,-86.580447
247,MongoDB Data Engineer II,3.8,5001 to 10000 employees,Nonprofit Organization,Insurance Carriers,Insurance,$5 to $10 billion (USD),106.5,0,0,0,0,1,1,Chattanooga,TN,Tennessee,35.517491,-86.580447
297,Data Scientist,3.5,5001 to 10000 employees,Company - Public,Aerospace & Defense,Aerospace & Defense,$500 million to $1 billion (USD),96.0,1,0,0,0,0,1,Oak Ridge,TN,Tennessee,35.517491,-86.580447
419,Senior Data Engineer,3.2,1001 to 5000 employees,Company - Private,Health Care Services & Hospitals,Health Care,Unknown / Non-Applicable,109.0,0,0,0,1,1,2,Franklin,TN,Tennessee,35.517491,-86.580447
34,Data Scientist,3.4,201 to 500 employees,Company - Public,Real Estate,Real Estate,$1 to $2 billion (USD),95.0,1,0,0,1,1,3,Dallas,TX,Texas,31.968599,-99.901813
107,Staff Data Scientist - Technology,3.2,10000+ employees,Company - Public,"Department, Clothing, & Shoe Stores",Retail,$10+ billion (USD),139.0,0,0,0,0,0,0,Plano,TX,Texas,31.968599,-99.901813
151,Data Scientist,3.2,1001 to 5000 employees,Company - Private,Brokerage Services,Finance,$100 to $500 million (USD),85.0,1,0,0,0,1,2,Fort Worth,TX,Texas,31.968599,-99.901813
267,Senior Data Scientist,2.2,501 to 1000 employees,Subsidiary or Business Segment,Advertising & Marketing,Business Services,$50 to $100 million (USD),110.0,0,0,0,0,0,0,Dallas,TX,Texas,31.968599,-99.901813
277,SQL Data Engineer,3.4,201 to 500 employees,Company - Private,Consulting,Business Services,$50 to $100 million (USD),93.0,1,0,0,1,0,2,Austin,TX,Texas,31.968599,-99.901813
286,Medical Laboratory Scientist,4.0,1001 to 5000 employees,Hospital,Health Care Services & Hospitals,Health Care,$50 to $100 million (USD),21.5,0,0,0,1,0,1,Burleson,TX,Texas,31.968599,-99.901813
325,RESEARCH COMPUTER SCIENTIST - RESEARCH ENGINEER - SR. COMPUTER SCIENTIST - SOFTWARE DEVELOPMENT,3.9,1001 to 5000 employees,Nonprofit Organization,Research & Development,Business Services,$500 million to $1 billion (USD),71.5,1,0,0,1,1,3,San Antonio,TX,Texas,31.968599,-99.901813
326,RESEARCH SCIENTIST - BIOLOGICAL SAFETY,3.9,1001 to 5000 employees,Nonprofit Organization,Research & Development,Business Services,$500 million to $1 billion (USD),60.0,0,0,0,0,0,0,San Antonio,TX,Texas,31.968599,-99.901813
339,Data Scientist,4.3,1 to 50 employees,Company - Private,Advertising & Marketing,Business Services,Unknown / Non-Applicable,83.5,1,0,0,0,1,2,Austin,TX,Texas,31.968599,-99.901813
364,Geospatial Software Developer and Data Scientist,3.7,501 to 1000 employees,College / University,Colleges & Universities,Education,Unknown / Non-Applicable,105.5,1,0,0,1,0,2,Austin,TX,Texas,31.968599,-99.901813
389,"Data Scientist, Rice University",4.3,1001 to 5000 employees,Subsidiary or Business Segment,Education Training Services,Education,Unknown / Non-Applicable,87.5,1,0,0,0,0,1,Houston,TX,Texas,31.968599,-99.901813
432,Senior Data Scientist / Machine Learning,3.9,201 to 500 employees,Company - Private,Insurance Agencies & Brokerages,Insurance,Unknown / Non-Applicable,96.0,0,0,0,0,1,1,Dallas,TX,Texas,31.968599,-99.901813
40,Principal Data Scientist (Computational Chemistry),4.7,51 to 200 employees,Company - Private,Biotech & Pharmaceuticals,Biotech & Pharmaceuticals,$1 to $5 million (USD),140.5,1,0,0,1,0,2,Salt Lake City,UT,Utah,39.32098,-111.093731
300,Supply Chain Data Analyst,3.1,1001 to 5000 employees,Company - Private,Consumer Products Manufacturing,Manufacturing,$500 million to $1 billion (USD),47.0,1,0,0,0,1,2,Logan,UT,Utah,39.32098,-111.093731
452,Data Analyst 2 (Missionary Department),4.2,10000+ employees,Nonprofit Organization,Religious Organizations,Non-Profit,Unknown / Non-Applicable,72.0,0,0,0,0,0,0,Salt Lake City,UT,Utah,39.32098,-111.093731
453,"Data Analyst 1, full-time contract worker for up to 12 months",4.2,10000+ employees,Nonprofit Organization,Religious Organizations,Non-Profit,Unknown / Non-Applicable,50.0,0,0,0,1,1,2,Salt Lake City,UT,Utah,39.32098,-111.093731
454,Data Engineer 4 - Contract,4.2,10000+ employees,Nonprofit Organization,Religious Organizations,Non-Profit,Unknown / Non-Applicable,87.0,0,0,0,1,1,2,Riverton,UT,Utah,39.32098,-111.093731
455,Data Engineer 5 - Contract (Remote),4.2,10000+ employees,Nonprofit Organization,Religious Organizations,Non-Profit,Unknown / Non-Applicable,107.0,0,0,0,0,1,1,Riverton,UT,Utah,39.32098,-111.093731
2,Data Scientist,3.3,1001 to 5000 employees,Company - Private,Aerospace & Defense,Aerospace & Defense,$1 to $2 billion (USD),110.0,1,0,0,0,1,2,Chantilly,VA,Virginia,37.431573,-78.656894
12,Product Engineer – Data Science,3.5,1001 to 5000 employees,Company - Private,Computer Hardware & Software,Information Technology,$1 to $2 billion (USD),82.0,1,0,0,0,0,1,Arlington,VA,Virginia,37.431573,-78.656894
20,Senior Data Science Systems Engineer,3.2,5001 to 10000 employees,Nonprofit Organization,Federal Agencies,Government,$1 to $2 billion (USD),77.5,0,0,0,0,0,0,Hampton,VA,Virginia,37.431573,-78.656894
21,Data Scientist,3.2,5001 to 10000 employees,Nonprofit Organization,Federal Agencies,Government,$1 to $2 billion (USD),97.5,1,0,0,0,1,2,McLean,VA,Virginia,37.431573,-78.656894
27,Data Engineer,3.7,10000+ employees,Nonprofit Organization,Health Care Services & Hospitals,Health Care,$1 to $2 billion (USD),81.0,0,0,0,0,1,1,Roanoke,VA,Virginia,37.431573,-78.656894
35,Data Engineer,4.1,5001 to 10000 employees,Company - Public,Research & Development,Business Services,$1 to $2 billion (USD),92.0,0,0,0,0,0,0,Herndon,VA,Virginia,37.431573,-78.656894
36,Data Scientist,4.1,5001 to 10000 employees,Company - Public,Research & Development,Business Services,$1 to $2 billion (USD),85.0,0,0,0,0,0,0,Chantilly,VA,Virginia,37.431573,-78.656894
37,Clinical Data Analyst,4.1,5001 to 10000 employees,Company - Public,Research & Development,Business Services,$1 to $2 billion (USD),70.5,0,0,0,0,0,0,Portsmouth,VA,Virginia,37.431573,-78.656894
45,Data Scientist,5.0,51 to 200 employees,Company - Private,Aerospace & Defense,Aerospace & Defense,$10 to $25 million (USD),101.0,1,0,0,0,0,1,Springfield,VA,Virginia,37.431573,-78.656894
70,Data Scientist,3.4,10000+ employees,Company - Public,Aerospace & Defense,Aerospace & Defense,$10+ billion (USD),101.5,1,0,0,1,0,2,Springfield,VA,Virginia,37.431573,-78.656894
141,Machine Learning Engineer,4.0,501 to 1000 employees,Company - Public,Aerospace & Defense,Aerospace & Defense,$100 to $500 million (USD),87.0,1,0,0,0,0,1,Fort Belvoir,VA,Virginia,37.431573,-78.656894
159,Senior Data Scientist,4.0,501 to 1000 employees,Company - Private,Enterprise Software & Network Solutions,Information Technology,$100 to $500 million (USD),147.0,1,0,0,1,0,2,Herndon,VA,Virginia,37.431573,-78.656894
162,Data Scientist,4.0,501 to 1000 employees,Company - Private,Enterprise Software & Network Solutions,Information Technology,$100 to $500 million (USD),143.0,1,0,0,1,0,2,Herndon,VA,Virginia,37.431573,-78.656894
164,Senior Data Analyst,4.0,501 to 1000 employees,Company - Private,Enterprise Software & Network Solutions,Information Technology,$100 to $500 million (USD),94.0,1,0,0,0,0,1,Herndon,VA,Virginia,37.431573,-78.656894
166,"Data Scientist, Senior",4.0,501 to 1000 employees,Company - Private,Enterprise Software & Network Solutions,Information Technology,$100 to $500 million (USD),142.0,1,0,0,1,0,2,Fort Belvoir,VA,Virginia,37.431573,-78.656894
173,Data Analyst,3.7,501 to 1000 employees,Company - Private,IT Services,Information Technology,$100 to $500 million (USD),71.0,0,0,0,0,1,1,Alexandria,VA,Virginia,37.431573,-78.656894
174,Data Scientist,3.9,501 to 1000 employees,Company - Private,IT Services,Information Technology,$100 to $500 million (USD),99.0,1,0,0,0,1,2,Fort Belvoir,VA,Virginia,37.431573,-78.656894
230,Senior Data Analyst,2.9,201 to 500 employees,Nonprofit Organization,Colleges & Universities,Education,$25 to $50 million (USD),61.5,1,0,0,0,1,2,Herndon,VA,Virginia,37.431573,-78.656894
280,Data Engineer,4.0,201 to 500 employees,Company - Private,Consulting,Business Services,$50 to $100 million (USD),87.0,1,0,0,1,1,3,Arlington,VA,Virginia,37.431573,-78.656894
113,Lead Data Scientist,3.7,10000+ employees,Company - Public,IT Services,Information Technology,$10+ billion (USD),184.5,1,0,0,0,1,2,Bellevue,WA,Washington,47.751074,-120.740139
194,Data Analyst,4.4,501 to 1000 employees,Company - Private,Wholesale,Business Services,$100 to $500 million (USD),53.5,0,0,0,0,1,1,Tacoma,WA,Washington,47.751074,-120.740139
242,Foundational Community Supports Data Analyst,3.4,501 to 1000 employees,Nonprofit Organization,Social Assistance,Non-Profit,$25 to $50 million (USD),44.5,0,0,0,1,1,2,Seattle,WA,Washington,47.751074,-120.740139
258,Data Scientist,3.4,51 to 200 employees,Company - Private,IT Services,Information Technology,$5 to $10 million (USD),89.0,0,0,0,0,0,0,Olympia,WA,Washington,47.751074,-120.740139
301,Data Scientist in Artificial Intelligence Early Career,3.8,1001 to 5000 employees,Government,Energy,"Oil, Gas, Energy & Utilities",$500 million to $1 billion (USD),67.0,0,0,0,0,0,0,Richland,WA,Washington,47.751074,-120.740139
302,Computational Chemist/Data Scientist,3.8,1001 to 5000 employees,Government,Energy,"Oil, Gas, Energy & Utilities",$500 million to $1 billion (USD),76.5,1,0,0,0,0,1,Richland,WA,Washington,47.751074,-120.740139
303,Data Scientist - Bioinformatics,3.8,1001 to 5000 employees,Government,Energy,"Oil, Gas, Energy & Utilities",$500 million to $1 billion (USD),67.0,1,0,0,0,0,1,Richland,WA,Washington,47.751074,-120.740139
304,Data Scientist,3.8,1001 to 5000 employees,Government,Energy,"Oil, Gas, Energy & Utilities",$500 million to $1 billion (USD),76.5,1,0,0,0,0,1,Richland,WA,Washington,47.751074,-120.740139
305,Senior Data Scientist Artificial Intelligence,3.8,1001 to 5000 employees,Government,Energy,"Oil, Gas, Energy & Utilities",$500 million to $1 billion (USD),80.5,0,0,0,0,0,0,Richland,WA,Washington,47.751074,-120.740139
306,Senior Data Scientist 4 Artificial Intelligence,3.8,1001 to 5000 employees,Government,Energy,"Oil, Gas, Energy & Utilities",$500 million to $1 billion (USD),119.0,0,0,0,0,0,0,Seattle,WA,Washington,47.751074,-120.740139
307,Senior Data Scientist Statistics,3.8,1001 to 5000 employees,Government,Energy,"Oil, Gas, Energy & Utilities",$500 million to $1 billion (USD),98.5,0,0,0,0,0,0,Richland,WA,Washington,47.751074,-120.740139
378,R&D Data Analysis Scientist,4.0,10000+ employees,Company - Public,Computer Hardware & Software,Information Technology,Unknown / Non-Applicable,97.5,0,0,0,0,0,0,Vancouver,WA,Washington,47.751074,-120.740139
5,Corporate Risk Data Analyst (SQL Based) - Milwaukee or,3.8,1001 to 5000 employees,Company - Public,Banks & Credit Unions,Finance,$1 to $2 billion (USD),60.0,0,0,0,1,1,2,Green Bay,WI,Wisconsin,43.78444,-88.787868
30,Senior Research Statistician- Data Scientist,4.8,1001 to 5000 employees,Company - Private,Insurance Carriers,Insurance,$1 to $2 billion (USD),100.5,0,0,0,0,0,0,Sheboygan,WI,Wisconsin,43.78444,-88.787868
212,Data Analyst,3.1,1001 to 5000 employees,Company - Private,Insurance Carriers,Insurance,$2 to $5 billion (USD),56.5,0,0,0,0,1,1,Milwaukee,WI,Wisconsin,43.78444,-88.787868
292,"Risk and Analytics IT, Data Scientist",2.7,51 to 200 employees,Government,Investment Banking & Asset Management,Finance,$50 to $100 million (USD),120.0,1,0,0,0,0,1,Madison,WI,Wisconsin,43.78444,-88.787868
410,Food Scientist - Developer,3.3,501 to 1000 employees,Company - Private,Food & Beverage Manufacturing,Manufacturing,Unknown / Non-Applicable,54.0,0,0,0,0,0,0,Milwaukee,WI,Wisconsin,43.78444,-88.787868
387,Data Engineer - ETL,3.8,501 to 1000 employees,Subsidiary or Business Segment,Consumer Product Rental,Consumer Services,Unknown / Non-Applicable,65.0,1,0,1,1,1,4,Birmingham,AL,Alabama,32.318231,-86.902298
288,Data Engineer,3.4,501 to 1000 employees,Company - Private,IT Services,Information Technology,$50 to $100 million (USD),60.5,1,0,1,1,0,3,Scottsdale,AZ,Arizona,34.048928,-111.093731
350,Data Engineer,3.5,501 to 1000 employees,Company - Private,Biotech & Pharmaceuticals,Biotech & Pharmaceuticals,Unknown / Non-Applicable,68.5,1,0,1,0,0,2,Phoenix,AZ,Arizona,34.048928,-111.093731
14,Data Scientist,3.5,1001 to 5000 employees,Company - Private,Computer Hardware & Software,Information Technology,$1 to $2 billion (USD),107.0,1,0,1,1,0,3,Redlands,CA,California,36.778261,-119.417932
16,Product Engineer – Spatial Data Science and Statistical Analysis,3.5,1001 to 5000 employees,Company - Private,Computer Hardware & Software,Information Technology,$1 to $2 billion (USD),68.5,1,0,1,0,1,3,Redlands,CA,California,36.778261,-119.417932
59,Data Scientist,3.9,51 to 200 employees,Company - Private,Insurance Carriers,Insurance,$10 to $25 million (USD),108.0,1,0,1,0,0,2,Oakland,CA,California,36.778261,-119.417932
60,Staff Machine Learning Engineer,3.9,201 to 500 employees,Company - Private,Internet,Information Technology,$10 to $25 million (USD),181.0,1,0,1,0,0,2,San Francisco,CA,California,36.778261,-119.417932
61,Manager of Data Science,3.9,201 to 500 employees,Company - Private,Internet,Information Technology,$10 to $25 million (USD),63.5,1,0,1,0,0,2,San Francisco,CA,California,36.778261,-119.417932
94,"Sr. Data Scientist - Analytics, Personalized Healthcare (PHC)",3.9,10000+ employees,Subsidiary or Business Segment,Biotech & Pharmaceuticals,Biotech & Pharmaceuticals,$10+ billion (USD),169.0,1,0,1,0,1,3,South San Francisco,CA,California,36.778261,-119.417932
99,"Senior Engineer, Data Management Engineering",3.5,10000+ employees,Company - Public,Computer Hardware & Software,Information Technology,$10+ billion (USD),98.5,1,0,1,1,0,3,Milpitas,CA,California,36.778261,-119.417932
135,Data Engineer,3.1,1001 to 5000 employees,Company - Public,Video Games,Media,$10+ billion (USD),113.0,1,0,1,1,1,4,Aliso Viejo,CA,California,36.778261,-119.417932
154,Data Scientist,4.5,201 to 500 employees,Company - Private,Computer Hardware & Software,Information Technology,$100 to $500 million (USD),157.0,0,0,1,1,0,2,San Francisco,CA,California,36.778261,-119.417932
197,Data Engineer,4.0,5001 to 10000 employees,Company - Public,Computer Hardware & Software,Information Technology,$2 to $5 billion (USD),108.0,1,0,1,0,0,2,San Francisco,CA,California,36.778261,-119.417932
198,Senior Data Scientist,4.0,5001 to 10000 employees,Company - Public,Computer Hardware & Software,Information Technology,$2 to $5 billion (USD),150.5,1,0,1,0,0,2,San Francisco,CA,California,36.778261,-119.417932
199,"Principal Data Engineer, Data Platform & Insights",4.0,5001 to 10000 employees,Company - Public,Computer Hardware & Software,Information Technology,$2 to $5 billion (USD),162.5,1,0,1,0,1,3,San Francisco,CA,California,36.778261,-119.417932
215,Data Scientist,3.8,5001 to 10000 employees,Company - Public,Telecommunications Services,Telecommunications,$2 to $5 billion (USD),121.0,1,0,1,0,1,3,Sunnyvale,CA,California,36.778261,-119.417932
216,Senior Data Scientist,3.8,5001 to 10000 employees,Company - Public,Telecommunications Services,Telecommunications,$2 to $5 billion (USD),142.0,1,0,1,1,1,4,Cupertino,CA,California,36.778261,-119.417932
234,Data Scientist,3.8,201 to 500 employees,Company - Private,Consulting,Business Services,$25 to $50 million (USD),114.0,1,0,1,1,1,4,San Jose,CA,California,36.778261,-119.417932
274,Staff Data Engineer,3.7,1001 to 5000 employees,Subsidiary or Business Segment,Computer Hardware & Software,Information Technology,$50 to $100 million (USD),177.0,1,0,1,1,0,3,Mountain View,CA,California,36.778261,-119.417932
291,Lead Data Engineer,4.1,51 to 200 employees,Company - Private,Internet,Information Technology,$50 to $100 million (USD),205.0,1,0,1,1,0,3,Mountain View,CA,California,36.778261,-119.417932
331,Data Scientist,4.0,1 to 50 employees,Company - Private,Accounting,Accounting & Legal,Less than $1 million (USD),113.5,1,0,1,0,0,2,Santa Clara,CA,California,36.778261,-119.417932
337,Staff BI and Data Engineer,2.9,51 to 200 employees,Company - Private,Advertising & Marketing,Business Services,Unknown / Non-Applicable,114.0,1,0,1,0,0,2,San Jose,CA,California,36.778261,-119.417932
367,Data Scientist,4.7,51 to 200 employees,Company - Private,Computer Hardware & Software,Information Technology,Unknown / Non-Applicable,85.5,1,0,1,0,1,3,Santa Barbara,CA,California,36.778261,-119.417932
373,Senior Data Scientist,4.3,51 to 200 employees,Company - Private,Computer Hardware & Software,Information Technology,Unknown / Non-Applicable,153.0,1,0,1,0,1,3,Los Angeles,CA,California,36.778261,-119.417932
391,Customer Data Scientist,4.3,201 to 500 employees,Company - Private,Enterprise Software & Network Solutions,Information Technology,Unknown / Non-Applicable,153.5,1,0,1,1,1,4,Mountain View,CA,California,36.778261,-119.417932
395,Sr. Data Engineer | Big Data SaaS Pipeline,2.7,1 to 50 employees,Company - Private,Enterprise Software & Network Solutions,Information Technology,Unknown / Non-Applicable,103.0,0,0,1,1,0,2,Los Angeles,CA,California,36.778261,-119.417932
396,Data Scientist,4.1,501 to 1000 employees,Company - Private,Enterprise Software & Network Solutions,Information Technology,Unknown / Non-Applicable,154.5,1,0,1,0,1,3,Santa Clara,CA,California,36.778261,-119.417932
399,Data Scientist,3.2,51 to 200 employees,Company - Private,Enterprise Software & Network Solutions,Information Technology,Unknown / Non-Applicable,132.5,0,0,1,0,1,2,San Francisco,CA,California,36.778261,-119.417932
402,Data Scientist,4.1,501 to 1000 employees,Company - Private,Enterprise Software & Network Solutions,Information Technology,Unknown / Non-Applicable,154.5,1,0,1,0,1,3,San Francisco,CA,California,36.778261,-119.417932
403,Customer Data Scientist/Sales Engineer (Bay,4.3,201 to 500 employees,Company - Private,Enterprise Software & Network Solutions,Information Technology,Unknown / Non-Applicable,150.5,1,0,1,1,1,4,Mountain View,CA,California,36.778261,-119.417932
412,Data Scientist II,3.0,1001 to 5000 employees,Nonprofit Organization,Health Care Services & Hospitals,Health Care,Unknown / Non-Applicable,119.5,1,0,1,0,0,2,Los Angeles,CA,California,36.778261,-119.417932
421,Data Engineer,3.5,501 to 1000 employees,Company - Private,Health Care Services & Hospitals,Health Care,Unknown / Non-Applicable,94.5,1,0,1,1,1,4,Orange,CA,California,36.778261,-119.417932
429,Data Scientist,2.7,10000+ employees,Company - Public,IT Services,Information Technology,Unknown / Non-Applicable,153.0,1,0,1,1,0,3,Emeryville,CA,California,36.778261,-119.417932
435,Lead Big Data Engineer,4.0,1001 to 5000 employees,Company - Private,Internet,Information Technology,Unknown / Non-Applicable,162.0,1,0,1,1,1,4,San Francisco,CA,California,36.778261,-119.417932
443,Data Scientist,3.4,501 to 1000 employees,Company - Private,Internet,Information Technology,Unknown / Non-Applicable,127.0,1,0,1,0,0,2,Palo Alto,CA,California,36.778261,-119.417932
344,Machine Learning Engineer,4.3,1 to 50 employees,Company - Private,Aerospace & Defense,Aerospace & Defense,Unknown / Non-Applicable,100.5,1,0,1,1,1,4,Aurora,CO,Colorado,39.550051,-105.782067
437,Data Engineer,4.0,51 to 200 employees,Company - Private,Internet,Information Technology,Unknown / Non-Applicable,122.0,1,0,1,1,0,3,Washington,DC,District of Columbia,38.905985,-77.033418
438,Data Engineer,4.0,51 to 200 employees,Company - Private,Internet,Information Technology,Unknown / Non-Applicable,122.0,1,0,1,1,0,3,Washington,DC,District of Columbia,38.942142,-77.025955
457,Associate Data Engineer,3.5,1001 to 5000 employees,Company - Private,Research & Development,Business Services,Unknown / Non-Applicable,65.5,0,0,1,1,1,3,Washington,DC,District of Columbia,38.905985,-77.033418
458,Associate Data Engineer,3.5,1001 to 5000 employees,Company - Private,Research & Development,Business Services,Unknown / Non-Applicable,65.5,0,0,1,1,1,3,Washington,DC,District of Columbia,38.942142,-77.025955
161,Data Scientist,4.2,501 to 1000 employees,Company - Private,Enterprise Software & Network Solutions,Information Technology,$100 to $500 million (USD),85.5,1,0,1,0,1,3,Miami,FL,Florida,27.664827,-81.515754
192,Data Scientist,4.8,501 to 1000 employees,Company - Private,Security Services,Business Services,$100 to $500 million (USD),85.0,1,0,1,0,1,3,Clearwater,FL,Florida,27.664827,-81.515754
223,Data Engineer,4.2,51 to 200 employees,Company - Public,Advertising & Marketing,Business Services,$25 to $50 million (USD),71.5,1,0,1,1,1,4,Winter Park,FL,Florida,27.664827,-81.515754
26,Insurance Data Scientist,3.9,5001 to 10000 employees,Company - Public,Financial Analytics & Research,Finance,$1 to $2 billion (USD),85.0,1,0,1,0,0,2,Atlanta,GA,Georgia,32.157435,-82.907123
51,Data Engineer,4.3,51 to 200 employees,Company - Private,Computer Hardware & Software,Information Technology,$10 to $25 million (USD),100.0,0,0,1,0,1,2,Chicago,IL,Illinois,40.633125,-89.398528
186,Big Data Engineer - Chicago - Future Opportunity,4.1,501 to 1000 employees,Company - Private,Internet,Information Technology,$100 to $500 million (USD),100.0,1,0,1,1,0,3,Chicago,IL,Illinois,40.633125,-89.398528
211,Data Engineering Analyst,3.8,1001 to 5000 employees,Company - Private,Insurance Carriers,Insurance,$2 to $5 billion (USD),58.5,1,0,1,0,1,3,Bloomington,IL,Illinois,40.633125,-89.398528
213,Senior Data Scientist,4.3,1001 to 5000 employees,Company - Public,Real Estate,Real Estate,$2 to $5 billion (USD),130.0,1,0,1,0,1,3,Chicago,IL,Illinois,40.633125,-89.398528
214,Data Engineer,4.3,1001 to 5000 employees,Company - Public,Real Estate,Real Estate,$2 to $5 billion (USD),92.5,1,0,1,0,1,3,Chicago,IL,Illinois,40.633125,-89.398528
244,Information Security Data Analyst,3.7,10000+ employees,Company - Public,Computer Hardware & Software,Information Technology,$5 to $10 billion (USD),61.0,1,0,1,0,0,2,Chicago,IL,Illinois,40.633125,-89.398528
407,Customer Data Scientist/Sales Engineer,4.3,201 to 500 employees,Company - Private,Enterprise Software & Network Solutions,Information Technology,Unknown / Non-Applicable,137.5,1,0,1,1,1,4,Chicago,IL,Illinois,40.633125,-89.398528
233,Sr. Data Engineer,4.5,51 to 200 employees,Company - Private,Consulting,Business Services,$25 to $50 million (USD),122.5,1,0,1,1,0,3,Indianapolis,IN,Indiana,40.551217,-85.602364
385,Senior Spark Engineer (Data Science),4.4,51 to 200 employees,Company - Private,Consulting,Business Services,Unknown / Non-Applicable,106.5,1,0,1,1,0,3,Indianapolis,IN,Indiana,40.551217,-85.602364
400,Big Data Engineer,4.4,1 to 50 employees,Company - Private,Enterprise Software & Network Solutions,Information Technology,Unknown / Non-Applicable,90.5,1,0,1,0,0,2,Indianapolis,IN,Indiana,40.551217,-85.602364
75,"Data Engineer, Data Engineering and Artifical Intelligence",3.7,10000+ employees,Company - Public,Biotech & Pharmaceuticals,Biotech & Pharmaceuticals,$10+ billion (USD),102.5,1,0,1,1,1,4,Cambridge,MA,Massachusetts,42.407211,-71.382437
78,"Associate Director, Platform and DevOps- Data Engineering and Aritifical Intelligence",3.7,10000+ employees,Company - Public,Biotech & Pharmaceuticals,Biotech & Pharmaceuticals,$10+ billion (USD),154.5,0,0,1,1,1,3,Cambridge,MA,Massachusetts,42.407211,-71.382437
80,Data Scientist,3.7,10000+ employees,Company - Public,Biotech & Pharmaceuticals,Biotech & Pharmaceuticals,$10+ billion (USD),113.5,1,0,1,0,0,2,Cambridge,MA,Massachusetts,42.407211,-71.382437
124,Data Modeler (Analytical Systems),3.6,5001 to 10000 employees,Company - Private,Insurance Carriers,Insurance,$10+ billion (USD),91.5,0,0,1,1,1,3,Boston,MA,Massachusetts,42.407211,-71.382437
125,Lead Data Scientist,3.6,5001 to 10000 employees,Company - Private,Insurance Carriers,Insurance,$10+ billion (USD),164.0,1,0,1,1,0,3,Boston,MA,Massachusetts,42.407211,-71.382437
128,Data Engineer,3.6,5001 to 10000 employees,Company - Private,Insurance Carriers,Insurance,$10+ billion (USD),92.0,1,0,1,0,1,3,Springfield,MA,Massachusetts,42.407211,-71.382437
132,"Enterprise Architect, Data",3.6,5001 to 10000 employees,Company - Private,Insurance Carriers,Insurance,$10+ billion (USD),129.5,1,0,1,1,1,4,Boston,MA,Massachusetts,42.407211,-71.382437
140,Data Scientist,4.7,201 to 500 employees,Company - Private,Aerospace & Defense,Aerospace & Defense,$100 to $500 million (USD),110.0,1,0,1,0,1,3,Woburn,MA,Massachusetts,42.407211,-71.382437
155,Managing Data Scientist/ML Engineer,3.4,1001 to 5000 employees,Company - Private,Consulting,Business Services,$100 to $500 million (USD),107.5,0,0,1,0,1,2,Boston,MA,Massachusetts,42.407211,-71.382437
179,IT - Data Engineer II,3.4,1001 to 5000 employees,Company - Private,Insurance Carriers,Insurance,$100 to $500 million (USD),90.0,0,0,1,0,1,2,Quincy,MA,Massachusetts,42.407211,-71.382437
256,Data Scientist,4.6,51 to 200 employees,Company - Private,Consulting,Business Services,$5 to $10 million (USD),94.0,1,0,1,1,0,3,Waltham,MA,Massachusetts,42.407211,-71.382437
436,Data Engineer,3.9,51 to 200 employees,Company - Private,Internet,Information Technology,Unknown / Non-Applicable,84.5,1,0,1,0,0,2,Cambridge,MA,Massachusetts,42.407211,-71.382437
254,Senior Data Scientist,3.3,10000+ employees,Company - Public,Transportation Equipment Manufacturing,Manufacturing,$5 to $10 billion (USD),104.5,1,0,1,1,1,4,Southfield,MI,Michigan,44.314844,-85.602364
235,Data Engineer,4.7,51 to 200 employees,Company - Private,Consulting,Business Services,$25 to $50 million (USD),95.0,0,0,1,1,0,2,Minneapolis,MN,Minnesota,46.729553,-94.6859
423,Data Scientist,4.7,51 to 200 employees,Company - Private,IT Services,Information Technology,Unknown / Non-Applicable,143.5,1,0,1,0,0,2,Saint Louis,MO,Missouri,37.964253,-91.831833
447,"Technology-Minded, Data Professional Opportunities",4.7,1001 to 5000 employees,Company - Private,Lending,Finance,Unknown / Non-Applicable,70.5,0,0,1,0,1,2,Columbia,MO,Missouri,37.964253,-91.831833
0,Senior Data Engineer,3.2,1001 to 5000 employees,Company - Private,Advertising & Marketing,Business Services,$1 to $2 billion (USD),134.0,0,0,1,1,0,2,Charlotte,NC,North Carolina,35.759573,-79.0193
13,Senior Data Engineer,4.3,5001 to 10000 employees,Company - Private,Computer Hardware & Software,Information Technology,$1 to $2 billion (USD),112.5,1,0,1,1,0,3,Durham,NC,North Carolina,35.759573,-79.0193
172,Data Engineer,3.9,1001 to 5000 employees,Company - Private,IT Services,Information Technology,$100 to $500 million (USD),95.5,1,0,1,0,0,2,Charlotte,NC,North Carolina,35.759573,-79.0193
250,Data Scientist,3.7,1001 to 5000 employees,Company - Public,Insurance Carriers,Insurance,$5 to $10 billion (USD),102.0,1,0,1,1,1,4,Raleigh,NC,North Carolina,35.759573,-79.0193
433,Senior Data Scientist,3.5,1001 to 5000 employees,Company - Public,Insurance Carriers,Insurance,Unknown / Non-Applicable,124.5,1,0,1,0,1,3,Charlotte,NC,North Carolina,35.759573,-79.0193
31,Sr. Data Scientist II,3.4,1001 to 5000 employees,Company - Public,Insurance Carriers,Insurance,$1 to $2 billion (USD),147.0,1,0,1,1,0,3,New York,NY,New York,43.299428,-74.217933
53,Data Scientist,4.3,201 to 500 employees,Company - Private,Consulting,Business Services,$10 to $25 million (USD),115.0,1,0,1,1,0,3,New York,NY,New York,43.299428,-74.217933
62,Lead Data Analyst,3.9,201 to 500 employees,Company - Private,Internet,Information Technology,$10 to $25 million (USD),47.0,0,0,1,0,0,1,New York,NY,New York,43.299428,-74.217933
108,Data Scientist Manager,3.8,10000+ employees,Company - Public,Enterprise Software & Network Solutions,Information Technology,$10+ billion (USD),147.0,1,0,1,0,1,3,New York,NY,New York,43.299428,-74.217933
156,Data Scientist/ML Engineer,3.4,1001 to 5000 employees,Company - Private,Consulting,Business Services,$100 to $500 million (USD),97.0,1,0,1,0,1,3,New York,NY,New York,43.299428,-74.217933
184,Data Scientist,4.6,51 to 200 employees,Company - Private,Internet,Information Technology,$100 to $500 million (USD),140.0,1,0,1,0,0,2,New York,NY,New York,43.299428,-74.217933
221,Associate Machine Learning Engineer / Data Scientist May 2020 Undergrad,3.8,1001 to 5000 employees,Company - Private,Travel Agencies,Travel & Tourism,$2 to $5 billion (USD),74.5,1,0,1,0,0,2,New York,NY,New York,43.299428,-74.217933
329,Data Scientist,3.5,1001 to 5000 employees,Subsidiary or Business Segment,TV Broadcast & Cable Networks,Media,$500 million to $1 billion (USD),128.0,1,0,1,0,0,2,New York,NY,New York,43.299428,-74.217933
338,Data Scientist,3.5,201 to 500 employees,Company - Public,Advertising & Marketing,Business Services,Unknown / Non-Applicable,104.5,1,0,1,1,1,4,New York,NY,New York,43.299428,-74.217933
411,Data Scientist,3.4,201 to 500 employees,Company - Private,Health Care Services & Hospitals,Health Care,Unknown / Non-Applicable,95.0,1,0,1,1,0,3,New York,NY,New York,43.299428,-74.217933
441,Sr. Data Analyst,3.2,201 to 500 employees,Company - Private,Internet,Information Technology,Unknown / Non-Applicable,83.0,1,0,1,0,1,3,New York,NY,New York,43.299428,-74.217933
459,Data Scientist,3.8,51 to 200 employees,Company - Private,Research & Development,Business Services,Unknown / Non-Applicable,121.0,1,0,1,0,0,2,New York,NY,New York,43.299428,-74.217933
1,Data Scientist,2.5,1001 to 5000 employees,Company - Public,Advertising & Marketing,Business Services,$1 to $2 billion (USD),96.5,1,0,1,0,0,2,Portland,OR,Oregon,43.804133,-120.554201
144,Data Scientist,3.5,1001 to 5000 employees,Company - Private,Banks & Credit Unions,Finance,$100 to $500 million (USD),99.5,1,0,1,1,1,4,Hillsboro,OR,Oregon,43.804133,-120.554201
262,Data Scientist,3.2,1 to 50 employees,Company - Private,Staffing & Outsourcing,Business Services,$5 to $10 million (USD),128.5,1,0,1,1,0,3,Philadelphia,PA,Pennsylvania,41.203322,-77.194525
264,"Sr. Data Scientist, Cyber-Security LT Contract",3.2,1 to 50 employees,Company - Private,Staffing & Outsourcing,Business Services,$5 to $10 million (USD),155.0,1,0,1,1,1,4,Phila,PA,Pennsylvania,41.203322,-77.194525
265,Data Engineer,3.2,1 to 50 employees,Company - Private,Staffing & Outsourcing,Business Services,$5 to $10 million (USD),91.5,1,0,1,1,1,4,King of Prussia,PA,Pennsylvania,41.203322,-77.194525
183,Senior Data Engineer,4.4,1001 to 5000 employees,Company - Public,Internet,Information Technology,$100 to $500 million (USD),102.5,1,0,1,1,0,3,Nashville,TN,Tennessee,35.517491,-86.580447
185,Data Engineer,4.4,1001 to 5000 employees,Company - Public,Internet,Information Technology,$100 to $500 million (USD),88.0,1,0,1,1,1,4,Nashville,TN,Tennessee,35.517491,-86.580447
28,Data Engineer,3.4,501 to 1000 employees,Company - Private,IT Services,Information Technology,$1 to $2 billion (USD),80.0,1,0,1,0,1,3,Houston,TX,Texas,31.968599,-99.901813
65,Senior Data Engineer,4.7,51 to 200 employees,Company - Private,Security Services,Business Services,$10 to $25 million (USD),138.5,1,0,1,0,0,2,Austin,TX,Texas,31.968599,-99.901813
290,Data Engineer,4.6,501 to 1000 employees,Company - Private,IT Services,Information Technology,$50 to $100 million (USD),75.5,0,0,1,0,0,1,Houston,TX,Texas,31.968599,-99.901813
369,Staff Data Engineer,3.8,501 to 1000 employees,Company - Private,Computer Hardware & Software,Information Technology,Unknown / Non-Applicable,149.5,0,0,1,1,0,2,Austin,TX,Texas,31.968599,-99.901813
383,Data Scientist,4.3,201 to 500 employees,Subsidiary or Business Segment,Consulting,Business Services,Unknown / Non-Applicable,72.5,1,0,1,1,1,4,Dallas,TX,Texas,31.968599,-99.901813
3,Big Data Engineer,3.3,1001 to 5000 employees,Company - Private,Aerospace & Defense,Aerospace & Defense,$1 to $2 billion (USD),118.5,1,0,1,0,0,2,Chantilly,VA,Virginia,37.431573,-78.656894
23,Associate Data Scientist/Computer Scientist,3.2,5001 to 10000 employees,Nonprofit Organization,Federal Agencies,Government,$1 to $2 billion (USD),81.5,1,0,1,0,0,2,McLean,VA,Virginia,37.431573,-78.656894
24,Jr. Data Scientist,3.2,5001 to 10000 employees,Nonprofit Organization,Federal Agencies,Government,$1 to $2 billion (USD),106.5,1,0,1,0,1,3,McLean,VA,Virginia,37.431573,-78.656894
69,Data Scientist,3.7,10000+ employees,Company - Public,Aerospace & Defense,Aerospace & Defense,$10+ billion (USD),89.0,1,0,1,0,1,3,Herndon,VA,Virginia,37.431573,-78.656894
114,Senior Machine Learning (ML) Engineer / Data Scientist - Cyber Security Analytics,3.7,10000+ employees,Company - Public,IT Services,Information Technology,$10+ billion (USD),89.5,1,0,1,0,0,2,Ashburn,VA,Virginia,37.431573,-78.656894
139,Data Scientist,4.7,201 to 500 employees,Company - Private,Aerospace & Defense,Aerospace & Defense,$100 to $500 million (USD),107.0,1,0,1,0,1,3,Arlington,VA,Virginia,37.431573,-78.656894
165,Senior Data Engineer,4.0,501 to 1000 employees,Company - Private,Enterprise Software & Network Solutions,Information Technology,$100 to $500 million (USD),97.0,1,0,1,1,0,3,Reston,VA,Virginia,37.431573,-78.656894
176,Data Scientist SR,3.9,501 to 1000 employees,Company - Private,IT Services,Information Technology,$100 to $500 million (USD),112.0,1,0,1,0,0,2,Charlottesville,VA,Virginia,37.431573,-78.656894
195,Data Engineer,3.7,5001 to 10000 employees,Company - Public,Aerospace & Defense,Aerospace & Defense,$2 to $5 billion (USD),105.5,1,0,1,0,0,2,Springfield,VA,Virginia,37.431573,-78.656894
397,Data Engineer,4.4,1 to 50 employees,Company - Private,Enterprise Software & Network Solutions,Information Technology,Unknown / Non-Applicable,109.0,1,0,1,0,0,2,Herndon,VA,Virginia,37.431573,-78.656894
430,Data Engineer,4.4,51 to 200 employees,Company - Private,IT Services,Information Technology,Unknown / Non-Applicable,85.0,1,0,1,1,0,3,Chantilly,VA,Virginia,37.431573,-78.656894
334,Data Analyst,4.1,201 to 500 employees,Company - Private,Advertising & Marketing,Business Services,Unknown / Non-Applicable,65.5,1,0,1,1,1,4,Seattle,WA,Washington,47.751074,-120.740139
372,R&D Sr Data Scientist,4.0,10000+ employees,Company - Public,Computer Hardware & Software,Information Technology,Unknown / Non-Applicable,128.0,0,0,1,1,0,2,Vancouver,WA,Washington,47.751074,-120.740139
439,Data Scientist,3.2,201 to 500 employees,Company - Private,Internet,Information Technology,Unknown / Non-Applicable,105.5,1,0,1,0,0,2,Seattle,WA,Washington,47.751074,-120.740139